Voucher_No,Date,Vendor_Name,Amount,Account_Head,Approver,Raised_By
V1000,2024-05-28,Vendor_1,49299.38,Salaries,Amit Verma,Priya Singh
V1001,2024-07-24,Vendor_5,26126.05,Salaries,Rahul Sharma,Priya Singh
V1002,2025-01-28,Vendor_14,57333.55,Office Supplies,Rahul Sharma,Priya Singh
V1003,2024-07-29,Vendor_17,137582.98,Utilities,Rahul Sharma,Amit Verma
V1004,2025-02-27,Vendor_23,23737.21,Utilities,Sunita Rao,Priya Singh
V1005,2025-01-27,Vendor_9,23737.6,Office Supplies,Priya Singh,Vikram Nair
V1006,2024-08-21,Vendor_5,145534.07,Travel,Amit Verma,Rahul Sharma
V1007,2024-05-20,Vendor_12,64626.99,Consulting,Vikram Nair,Amit Verma
V1008,2024-04-23,Vendor_24,18759.93,Rent,Vikram Nair,Vikram Nair
V1009,2024-10-11,Vendor_3,51612.17,Utilities,Amit Verma,Sunita Rao
V1010,2025-01-21,Vendor_7,18873.89,Salaries,Rahul Sharma,Priya Singh
V1011,2025-03-05,Vendor_8,18830.31,Consulting,Rahul Sharma,Amit Verma
V1012,2024-05-22,Vendor_13,38212.38,Consulting,Sunita Rao,Amit Verma
V1013,2024-10-07,Vendor_12,4427.86,Travel,Amit Verma,Rahul Sharma
V1014,2025-02-06,Vendor_21,5345.63,Travel,Vikram Nair,Priya Singh
V1015,2025-03-19,Vendor_18,17097.12,Travel,Amit Verma,Rahul Sharma
V1016,2024-04-17,Vendor_11,10895.68,Rent,Amit Verma,Rahul Sharma
V1017,2024-07-18,Vendor_19,41076.85,Salaries,Amit Verma,Priya Singh
V1018,2024-12-12,Vendor_13,12099.61,Salaries,Sunita Rao,Priya Singh
V1019,2024-08-14,Vendor_5,7307.44,Travel,Vikram Nair,Amit Verma
V1020,2024-11-06,Vendor_19,129910.55,Rent,Amit Verma,Priya Singh
V1021,2024-06-10,Vendor_17,23936.9,Rent,Rahul Sharma,Priya Singh
V1022,2024-05-27,Vendor_5,32095.81,Salaries,Priya Singh,Vikram Nair
V1023,2025-01-31,Vendor_3,7217.07,Rent,Sunita Rao,Vikram Nair
V1024,2024-12-27,Vendor_9,17405.99,Utilities,Rahul Sharma,Priya Singh
V1025,2024-12-31,Vendor_25,33519.25,Consulting,Amit Verma,Rahul Sharma
V1026,2024-08-29,Vendor_14,9489.67,Travel,Sunita Rao,Rahul Sharma
V1027,2024-08-13,Vendor_17,43680.22,Travel,Vikram Nair,Rahul Sharma
V1028,2024-12-16,Vendor_20,16453.84,Travel,Priya Singh,Sunita Rao
V1029,2025-01-02,Vendor_25,22409.92,Utilities,Rahul Sharma,Sunita Rao
V1030,2024-04-10,Vendor_4,16436.27,Consulting,Amit Verma,Priya Singh
V1031,2024-04-30,Vendor_8,191229.75,Utilities,Rahul Sharma,Priya Singh
V1032,2024-12-05,Vendor_3,29597.8,Utilities,Priya Singh,Amit Verma
V1033,2025-03-04,Vendor_16,10417.49,Utilities,Priya Singh,Sunita Rao
V1034,2024-12-27,Vendor_20,68288.56,Rent,Priya Singh,Amit Verma
V1035,2025-04-01,Vendor_10,8849.44,Rent,Amit Verma,Vikram Nair
V1036,2024-11-18,Vendor_4,36968.31,Travel,Priya Singh,Rahul Sharma
V1037,2024-04-11,Vendor_19,49200.0,Utilities,Priya Singh,Amit Verma
V1038,2024-04-04,Vendor_3,7948.72,Salaries,Rahul Sharma,Amit Verma
V1039,2024-04-17,Vendor_11,36527.25,Office Supplies,Vikram Nair,Priya Singh
V1040,2024-08-21,Vendor_22,62781.72,Rent,Priya Singh,Amit Verma
V1041,2025-01-21,Vendor_16,35607.83,Travel,Sunita Rao,Vikram Nair
V1042,2024-05-20,Vendor_22,26723.65,Rent,Amit Verma,Vikram Nair
V1043,2024-10-28,Vendor_15,22200.03,Salaries,Rahul Sharma,Priya Singh
V1044,2024-05-02,Vendor_13,6839.23,Salaries,Amit Verma,Rahul Sharma
V1045,2024-08-06,Vendor_7,14604.84,Travel,Vikram Nair,Sunita Rao
V1046,2024-06-11,Vendor_14,18926.42,Travel,Amit Verma,Vikram Nair
V1047,2024-08-06,Vendor_3,86342.3,Rent,Vikram Nair,Rahul Sharma
V1048,2024-04-26,Vendor_21,42301.21,Utilities,Rahul Sharma,Priya Singh
V1049,2024-07-31,Vendor_6,5145.68,Rent,Sunita Rao,Vikram Nair
V1050,2024-07-19,Vendor_13,41482.9,Office Supplies,Priya Singh,Vikram Nair
V1051,2024-04-02,Vendor_13,20411.84,Consulting,Sunita Rao,Amit Verma
V1052,2025-01-10,Vendor_22,15245.36,Salaries,Sunita Rao,Priya Singh
V1053,2024-08-30,Vendor_7,55305.57,Office Supplies,Vikram Nair,Rahul Sharma
V1054,2024-04-30,Vendor_2,84116.01,Utilities,Sunita Rao,Priya Singh
V1055,2024-04-30,Vendor_17,76132.67,Office Supplies,Priya Singh,Rahul Sharma
V1056,2025-01-30,Vendor_3,12961.45,Salaries,Priya Singh,Vikram Nair
V1057,2025-01-17,Vendor_8,22020.75,Utilities,Vikram Nair,Rahul Sharma
V1058,2025-02-12,Vendor_3,41781.8,Rent,Vikram Nair,Amit Verma
V1059,2024-08-12,Vendor_7,79578.38,Salaries,Amit Verma,Priya Singh
V1060,2024-08-14,Vendor_13,18578.84,Travel,Amit Verma,Vikram Nair
V1061,2024-09-09,Vendor_25,24916.7,Office Supplies,Rahul Sharma,Vikram Nair
V1062,2025-02-13,Vendor_19,9923.07,Office Supplies,Rahul Sharma,Amit Verma
V1063,2024-12-16,Vendor_9,9070.17,Travel,Amit Verma,Rahul Sharma
V1064,2024-10-07,Vendor_10,67607.79,Travel,Sunita Rao,Amit Verma
V1065,2024-12-27,Vendor_1,116447.14,Salaries,Vikram Nair,Amit Verma
V1066,2025-03-06,Vendor_4,27915.64,Travel,Amit Verma,Rahul Sharma
V1067,2025-01-09,Vendor_5,81837.07,Consulting,Amit Verma,Priya Singh
V1068,2024-09-23,Vendor_7,43070.29,Salaries,Amit Verma,Amit Verma
V1069,2024-08-07,Vendor_2,15737.99,Office Supplies,Sunita Rao,Amit Verma
V1070,2024-04-23,Vendor_1,43059.94,Consulting,Priya Singh,Sunita Rao
V1071,2024-11-13,Vendor_18,139663.22,Salaries,Sunita Rao,Rahul Sharma
V1072,2024-05-28,Vendor_3,28944.24,Salaries,Priya Singh,Rahul Sharma
V1073,2024-10-07,Vendor_19,143429.13,Utilities,Priya Singh,Vikram Nair
V1074,2024-06-05,Vendor_2,2184.64,Consulting,Amit Verma,Rahul Sharma
V1075,2024-10-01,Vendor_7,68244.71,Salaries,Priya Singh,Rahul Sharma
V1076,2025-02-12,Vendor_24,32728.44,Travel,Priya Singh,Amit Verma
V1077,2024-10-29,Vendor_1,22246.62,Travel,Amit Verma,Vikram Nair
V1078,2024-08-06,Vendor_9,32883.08,Travel,Rahul Sharma,Vikram Nair
V1079,2024-11-27,Vendor_8,4110.84,Travel,Sunita Rao,Amit Verma
V1080,2024-09-04,Vendor_8,24083.46,Travel,Rahul Sharma,Amit Verma
V1081,2024-10-22,Vendor_11,42875.9,Consulting,Rahul Sharma,Sunita Rao
V1082,2024-09-27,Vendor_21,131511.12,Utilities,Sunita Rao,Amit Verma
V1083,2024-04-15,Vendor_4,17866.49,Consulting,Priya Singh,Sunita Rao
V1084,2025-01-31,Vendor_14,13365.86,Consulting,Amit Verma,Vikram Nair
V1085,2025-02-05,Vendor_17,18163.98,Office Supplies,Sunita Rao,Priya Singh
V1086,2024-08-09,Vendor_2,74933.38,Salaries,Sunita Rao,Rahul Sharma
V1087,2024-12-23,Vendor_18,41676.96,Salaries,Priya Singh,Sunita Rao
V1088,2024-11-07,Vendor_3,17662.38,Salaries,Amit Verma,Sunita Rao
V1089,2025-03-06,Vendor_4,25000.0,Salaries,Amit Verma,Sunita Rao
V1090,2024-10-26,Vendor_23,33058.37,Consulting,Vikram Nair,Priya Singh
V1091,2024-07-08,Vendor_14,79031.17,Salaries,Sunita Rao,Priya Singh
V1092,2025-02-10,Vendor_19,14867.0,Consulting,Sunita Rao,Rahul Sharma
V1093,2024-09-03,Vendor_10,21618.19,Travel,Sunita Rao,Amit Verma
V1094,2024-11-25,Vendor_15,20268.93,Rent,Priya Singh,Vikram Nair
V1095,2024-06-26,Vendor_22,6942.64,Office Supplies,Amit Verma,Sunita Rao
V1096,2024-07-30,Vendor_22,40338.96,Consulting,Priya Singh,Amit Verma
V1097,2024-04-24,Vendor_8,38948.98,Rent,Vikram Nair,Rahul Sharma
V1098,2024-11-20,Vendor_14,30153.8,Salaries,Vikram Nair,Priya Singh
V1099,2024-10-14,Vendor_16,23726.92,Rent,Priya Singh,Amit Verma
V1100,2025-03-19,Vendor_1,7285.07,Office Supplies,Sunita Rao,Priya Singh
V1101,2024-04-26,Vendor_18,19698.69,Travel,Rahul Sharma,Vikram Nair
V1102,2025-01-30,Vendor_11,21295.22,Rent,Vikram Nair,Sunita Rao
V1103,2025-01-06,Vendor_15,100000.0,Travel,Sunita Rao,Vikram Nair
V1104,2024-08-05,Vendor_21,25531.47,Consulting,Vikram Nair,Sunita Rao
V1105,2024-08-01,Vendor_9,44936.4,Rent,Rahul Sharma,Sunita Rao
V1106,2024-07-30,Vendor_9,197825.1,Consulting,Amit Verma,Rahul Sharma
V1107,2024-06-10,Vendor_5,35722.3,Travel,Sunita Rao,Priya Singh
V1108,2025-03-28,Vendor_7,38812.71,Office Supplies,Sunita Rao,Sunita Rao
V1109,2024-09-17,Vendor_18,27847.73,Rent,Sunita Rao,Rahul Sharma
V1110,2024-07-15,Vendor_14,4403.62,Rent,Vikram Nair,Rahul Sharma
V1111,2025-01-20,Vendor_13,29215.04,Rent,Rahul Sharma,Sunita Rao
V1112,2024-10-17,Vendor_14,31862.43,Utilities,Vikram Nair,Priya Singh
V1113,2024-12-06,Vendor_8,352284.64,Consulting,Sunita Rao,Vikram Nair
V1114,2024-04-15,Vendor_13,24750.27,Consulting,Sunita Rao,Priya Singh
V1115,2024-11-26,Vendor_5,40558.47,Utilities,Vikram Nair,Rahul Sharma
V1116,2025-01-29,Vendor_19,28976.51,Salaries,Rahul Sharma,Priya Singh
V1117,2025-02-24,Vendor_14,9323.33,Travel,Sunita Rao,Priya Singh
V1118,2024-04-26,Vendor_9,94068.21,Rent,Amit Verma,Priya Singh
V1119,2024-11-19,Vendor_11,63632.89,Consulting,Sunita Rao,Amit Verma
V1120,2024-08-08,Vendor_3,66170.14,Rent,Rahul Sharma,Priya Singh
V1121,2024-09-27,Vendor_8,12083.13,Salaries,Rahul Sharma,Priya Singh
V1122,2024-04-16,Vendor_8,121996.42,Travel,Rahul Sharma,Amit Verma
V1123,2024-08-01,Vendor_5,7384.23,Rent,Rahul Sharma,Amit Verma
V1124,2024-11-25,Vendor_23,53949.83,Consulting,Amit Verma,Priya Singh
V1125,2025-02-05,Vendor_20,268178.55,Salaries,Rahul Sharma,Amit Verma
V1126,2025-01-22,Vendor_1,11141.32,Consulting,Vikram Nair,Sunita Rao
V1127,2024-10-21,Vendor_23,17028.69,Travel,Rahul Sharma,Amit Verma
V1128,2024-05-23,Vendor_23,33143.57,Consulting,Vikram Nair,Rahul Sharma
V1129,2025-01-15,Vendor_2,18132.79,Consulting,Vikram Nair,Sunita Rao
V1130,2025-03-05,Vendor_12,6363.22,Office Supplies,Vikram Nair,Amit Verma
V1131,2024-11-08,Vendor_12,32129.04,Salaries,Sunita Rao,Priya Singh
V1132,2024-12-24,Vendor_21,10369.76,Consulting,Vikram Nair,Sunita Rao
V1133,2024-11-25,Vendor_14,48172.57,Salaries,Vikram Nair,Amit Verma
V1134,2024-09-13,Vendor_8,11962.46,Office Supplies,Amit Verma,Vikram Nair
V1135,2025-01-17,Vendor_20,141334.83,Salaries,Sunita Rao,Amit Verma
V1136,2024-04-15,Vendor_16,13707.51,Consulting,Priya Singh,Vikram Nair
V1137,2024-07-18,Vendor_12,49500.0,Consulting,Amit Verma,Sunita Rao
V1138,2025-01-31,Vendor_23,67674.85,Consulting,Vikram Nair,Rahul Sharma
V1139,2024-05-14,Vendor_8,8761.2,Salaries,Sunita Rao,Vikram Nair
V1140,2025-01-10,Vendor_25,37662.21,Travel,Sunita Rao,Vikram Nair
V1141,2024-04-09,Vendor_3,110867.98,Consulting,Priya Singh,Vikram Nair
V1142,2025-03-21,Vendor_8,6011.74,Consulting,Vikram Nair,Amit Verma
V1143,2024-11-29,Vendor_18,36083.34,Utilities,Amit Verma,Vikram Nair
V1144,2025-01-07,Vendor_11,38903.34,Consulting,Sunita Rao,Amit Verma
V1145,2024-09-04,Vendor_9,65563.57,Travel,Rahul Sharma,Amit Verma
V1146,2024-09-09,Vendor_4,100000.0,Salaries,Vikram Nair,Priya Singh
V1147,2024-07-08,Vendor_7,8010.4,Salaries,Sunita Rao,Amit Verma
V1148,2025-01-27,Vendor_25,50558.9,Utilities,Vikram Nair,Amit Verma
V1149,2024-05-22,Vendor_7,40373.84,Consulting,Priya Singh,Sunita Rao
V1150,2024-07-01,Vendor_10,38539.75,Office Supplies,Vikram Nair,Priya Singh
V1151,2024-08-19,Vendor_2,42421.09,Office Supplies,Vikram Nair,Amit Verma
V1152,2025-03-24,Vendor_5,15198.13,Salaries,Sunita Rao,Rahul Sharma
V1153,2024-11-27,Vendor_16,37843.19,Rent,Amit Verma,Priya Singh
V1154,2024-08-08,Vendor_16,40216.2,Office Supplies,Rahul Sharma,Vikram Nair
V1155,2024-05-08,Vendor_19,50000.0,Salaries,Rahul Sharma,Amit Verma
V1156,2025-01-14,Vendor_10,193828.14,Office Supplies,Priya Singh,Rahul Sharma
V1157,2024-10-31,Vendor_20,48184.16,Utilities,Vikram Nair,Priya Singh
V1158,2024-12-24,Vendor_13,9114.75,Rent,Sunita Rao,Amit Verma
V1159,2025-01-27,Vendor_14,57844.07,Consulting,Vikram Nair,Rahul Sharma
V1160,2025-02-07,Vendor_24,11319.37,Office Supplies,Priya Singh,Amit Verma
V1161,2024-08-14,Vendor_22,65909.46,Office Supplies,Priya Singh,Amit Verma
V1162,2024-06-28,Vendor_18,95563.69,Office Supplies,Priya Singh,Rahul Sharma
V1163,2025-03-19,Vendor_20,13203.94,Rent,Amit Verma,Rahul Sharma
V1164,2024-08-26,Vendor_23,78615.86,Consulting,Sunita Rao,Rahul Sharma
V1165,2025-03-18,Vendor_8,45330.42,Consulting,Vikram Nair,Priya Singh
V1166,2024-11-04,Vendor_4,68255.47,Utilities,Priya Singh,Amit Verma
V1167,2024-08-15,Vendor_5,199934.61,Office Supplies,Rahul Sharma,Amit Verma
V1168,2024-09-05,Vendor_20,23472.02,Salaries,Vikram Nair,Amit Verma
V1169,2024-11-11,Vendor_4,14118.15,Rent,Amit Verma,Vikram Nair
V1170,2024-12-13,Vendor_18,12325.66,Rent,Sunita Rao,Rahul Sharma
V1171,2024-11-08,Vendor_24,13268.42,Consulting,Vikram Nair,Amit Verma
V1172,2024-05-17,Vendor_8,27773.87,Salaries,Vikram Nair,Rahul Sharma
V1173,2025-03-11,Vendor_9,42197.01,Utilities,Rahul Sharma,Amit Verma
V1174,2024-11-27,Vendor_17,39562.76,Salaries,Sunita Rao,Amit Verma
V1175,2024-07-02,Vendor_19,68606.04,Rent,Sunita Rao,Rahul Sharma
V1176,2024-11-27,Vendor_12,30392.6,Rent,Amit Verma,Sunita Rao
V1177,2025-03-10,Vendor_4,128346.22,Travel,Amit Verma,Vikram Nair
V1178,2024-12-10,Vendor_10,23024.08,Salaries,Sunita Rao,Rahul Sharma
V1179,2024-11-19,Vendor_3,455486.71,Consulting,Amit Verma,Sunita Rao
V1180,2024-05-30,Vendor_25,56084.79,Rent,Vikram Nair,Rahul Sharma
V1181,2025-03-03,Vendor_18,12731.0,Rent,Sunita Rao,Rahul Sharma
V1182,2024-10-03,Vendor_20,10281.08,Rent,Sunita Rao,Rahul Sharma
V1183,2024-08-15,Vendor_18,48602.25,Travel,Amit Verma,Vikram Nair
V1184,2025-03-24,Vendor_16,23992.34,Office Supplies,Rahul Sharma,Amit Verma
V1185,2024-06-21,Vendor_10,61264.34,Utilities,Rahul Sharma,Vikram Nair
V1186,2024-07-25,Vendor_4,48155.48,Rent,Rahul Sharma,Amit Verma
V1187,2024-12-12,Vendor_23,27892.8,Consulting,Vikram Nair,Amit Verma
V1188,2024-10-30,Vendor_16,12863.63,Rent,Priya Singh,Vikram Nair
V1189,2025-01-08,Vendor_5,6595.25,Rent,Priya Singh,Amit Verma
V1190,2024-05-06,Vendor_9,19195.63,Rent,Amit Verma,Sunita Rao
V1191,2024-04-02,Vendor_10,70639.97,Salaries,Amit Verma,Vikram Nair
V1192,2024-11-15,Vendor_18,37162.16,Rent,Amit Verma,Sunita Rao
V1193,2025-01-08,Vendor_25,8631.85,Utilities,Sunita Rao,Vikram Nair
V1194,2024-09-12,Vendor_7,35672.44,Salaries,Priya Singh,Vikram Nair
V1195,2024-07-29,Vendor_25,44102.42,Rent,Rahul Sharma,Sunita Rao
V1196,2024-11-29,Vendor_23,12395.58,Rent,Sunita Rao,Priya Singh
V1197,2024-12-10,Vendor_2,34985.11,Travel,Vikram Nair,Amit Verma
V1198,2024-05-22,Vendor_15,31798.09,Office Supplies,Vikram Nair,Sunita Rao
V1199,2024-04-08,Vendor_24,9566.11,Travel,Sunita Rao,Priya Singh
V1200,2024-05-09,Vendor_16,42904.84,Consulting,Amit Verma,Vikram Nair
V1201,2025-02-27,Vendor_3,52561.39,Consulting,Vikram Nair,Sunita Rao
V1202,2024-09-10,Vendor_21,88610.35,Salaries,Sunita Rao,Rahul Sharma
V1203,2025-02-11,Vendor_3,86056.1,Travel,Amit Verma,Priya Singh
V1204,2024-05-17,Vendor_14,7564.97,Office Supplies,Rahul Sharma,Vikram Nair
V1205,2024-06-25,Vendor_23,11744.35,Consulting,Rahul Sharma,Priya Singh
V1206,2024-04-29,Vendor_10,50210.93,Consulting,Amit Verma,Vikram Nair
V1207,2024-06-14,Vendor_8,50148.24,Utilities,Sunita Rao,Priya Singh
V1208,2024-06-27,Vendor_6,50211.55,Office Supplies,Vikram Nair,Sunita Rao
V1209,2025-02-12,Vendor_22,1413647.99,Travel,Sunita Rao,Priya Singh
V1210,2025-02-21,Vendor_9,53095.27,Rent,Amit Verma,Rahul Sharma
V1211,2024-11-25,Vendor_10,93388.02,Salaries,Vikram Nair,Priya Singh
V1212,2024-05-08,Vendor_15,77882.33,Consulting,Vikram Nair,Amit Verma
V1213,2024-11-04,Vendor_23,57546.23,Consulting,Sunita Rao,Amit Verma
V1214,2024-07-11,Vendor_13,21887.77,Rent,Rahul Sharma,Amit Verma
V1215,2024-10-01,Vendor_19,64082.2,Consulting,Amit Verma,Rahul Sharma
V1216,2025-03-04,Vendor_13,13851.2,Consulting,Rahul Sharma,Priya Singh
V1217,2025-02-05,Vendor_24,23674.03,Rent,Amit Verma,Priya Singh
V1218,2025-02-05,Vendor_12,18464.2,Travel,Priya Singh,Sunita Rao
V1219,2025-03-14,Vendor_25,32559.58,Salaries,Priya Singh,Rahul Sharma
V1220,2025-02-25,Vendor_2,303644.0,Consulting,Sunita Rao,Rahul Sharma
V1221,2025-01-22,Vendor_12,4636.37,Salaries,Priya Singh,Rahul Sharma
V1222,2024-08-30,Vendor_11,59588.2,Salaries,Sunita Rao,Priya Singh
V1223,2024-07-12,Vendor_5,1999999.0,Utilities,Amit Verma,Sunita Rao
V1224,2024-06-24,Vendor_9,49999.0,Rent,Amit Verma,Sunita Rao
V1225,2024-05-29,Vendor_15,89134.63,Office Supplies,Priya Singh,Amit Verma
V1226,2025-03-15,Vendor_24,31991.73,Salaries,Sunita Rao,Amit Verma
V1227,2024-05-17,Vendor_13,10210.87,Office Supplies,Amit Verma,Rahul Sharma
V1228,2024-11-19,Vendor_12,14671.31,Salaries,Amit Verma,Vikram Nair
V1229,2025-02-21,Vendor_12,59192.52,Office Supplies,Priya Singh,Vikram Nair
V1230,2025-02-12,Vendor_18,14451.97,Consulting,Vikram Nair,Priya Singh
V1231,2025-02-26,Vendor_3,37250.15,Salaries,Sunita Rao,Amit Verma
V1232,2025-02-27,Vendor_14,31398.79,Office Supplies,Priya Singh,Rahul Sharma
V1233,2024-09-03,Vendor_16,15636.33,Office Supplies,Rahul Sharma,Amit Verma
V1234,2025-01-01,Vendor_5,255990.79,Rent,Sunita Rao,Amit Verma
V1235,2025-03-10,Vendor_24,56549.5,Salaries,Vikram Nair,Sunita Rao
V1236,2024-06-19,Vendor_14,3959.25,Salaries,Rahul Sharma,Vikram Nair
V1237,2025-02-10,Vendor_14,36149.09,Consulting,Rahul Sharma,Sunita Rao
V1238,2024-11-14,Vendor_15,15477.86,Travel,Amit Verma,Rahul Sharma
V1239,2025-03-18,Vendor_12,70360.41,Utilities,Amit Verma,Rahul Sharma
V1240,2024-10-21,Vendor_9,13581.07,Travel,Rahul Sharma,Vikram Nair
V1241,2024-05-17,Vendor_22,26748.03,Travel,Vikram Nair,Rahul Sharma
V1242,2024-04-26,Vendor_11,49708.93,Travel,Priya Singh,Amit Verma
V1243,2024-05-06,Vendor_25,71304.01,Utilities,Priya Singh,Amit Verma
V1244,2024-07-29,Vendor_11,9033.15,Travel,Vikram Nair,Rahul Sharma
V1245,2024-08-20,Vendor_5,21470.85,Travel,Vikram Nair,Amit Verma
V1246,2024-05-27,Vendor_22,18657.57,Office Supplies,Priya Singh,Rahul Sharma
V1247,2024-10-01,Vendor_8,15609.32,Utilities,Amit Verma,Rahul Sharma
V1248,2024-08-14,Vendor_2,175326.79,Travel,Sunita Rao,Rahul Sharma
V1249,2024-05-03,Vendor_16,44978.25,Rent,Amit Verma,Rahul Sharma
V1250,2024-11-18,Vendor_17,8502.1,Travel,Vikram Nair,Rahul Sharma
V1251,2025-03-04,Vendor_17,75117.93,Consulting,Sunita Rao,Rahul Sharma
V1252,2024-05-02,Vendor_16,250473.61,Rent,Sunita Rao,Rahul Sharma
V1253,2025-03-31,Vendor_15,84239.39,Office Supplies,Rahul Sharma,Sunita Rao
V1254,2025-02-06,Vendor_5,49999.0,Office Supplies,Priya Singh,Sunita Rao
V1255,2025-02-14,Vendor_21,18485.07,Utilities,Vikram Nair,Amit Verma
V1256,2025-01-31,Vendor_17,106496.12,Consulting,Sunita Rao,Vikram Nair
V1257,2024-05-21,Vendor_23,14783.74,Office Supplies,Vikram Nair,Priya Singh
V1258,2024-11-07,Vendor_15,46759.47,Travel,Sunita Rao,Amit Verma
V1259,2024-11-19,Vendor_13,65093.94,Rent,Rahul Sharma,Sunita Rao
V1260,2024-11-05,Vendor_11,11873.0,Salaries,Amit Verma,Sunita Rao
V1261,2024-06-18,Vendor_22,28266.35,Rent,Rahul Sharma,Priya Singh
V1262,2024-05-14,Vendor_3,1173.43,Rent,Rahul Sharma,Sunita Rao
V1263,2024-06-06,Vendor_18,10770.49,Office Supplies,Vikram Nair,Amit Verma
V1264,2025-03-10,Vendor_4,23304.1,Rent,Amit Verma,Vikram Nair
V1265,2024-08-26,Vendor_20,8614.22,Consulting,Amit Verma,Rahul Sharma
V1266,2025-01-21,Vendor_17,153485.9,Travel,Priya Singh,Vikram Nair
V1267,2024-07-24,Vendor_4,7178.25,Consulting,Vikram Nair,Amit Verma
V1268,2024-05-29,Vendor_25,19320.23,Consulting,Vikram Nair,Priya Singh
V1269,2024-11-06,Vendor_18,34190.16,Utilities,Vikram Nair,Rahul Sharma
V1270,2025-02-06,Vendor_22,126782.2,Salaries,Amit Verma,Rahul Sharma
V1271,2024-07-02,Vendor_9,7137.3,Salaries,Amit Verma,Sunita Rao
V1272,2024-09-27,Vendor_1,96001.24,Travel,Priya Singh,Vikram Nair
V1273,2024-05-11,Vendor_5,30308.57,Salaries,Rahul Sharma,Priya Singh
V1274,2024-10-10,Vendor_14,11242.36,Rent,Amit Verma,Priya Singh
V1275,2024-10-07,Vendor_10,47622.29,Salaries,Amit Verma,Rahul Sharma
V1276,2024-06-19,Vendor_6,36607.64,Utilities,Rahul Sharma,Priya Singh
V1277,2024-11-13,Vendor_22,16460.78,Rent,Sunita Rao,Vikram Nair
V1278,2024-10-30,Vendor_9,32168.88,Travel,Vikram Nair,Rahul Sharma
V1279,2024-09-24,Vendor_14,20407.12,Office Supplies,Amit Verma,Vikram Nair
V1280,2024-12-26,Vendor_22,33606.34,Consulting,Rahul Sharma,Amit Verma
V1281,2024-04-29,Vendor_1,58167.57,Travel,Amit Verma,Priya Singh
V1282,2024-06-10,Vendor_25,146527.66,Consulting,Amit Verma,Sunita Rao
V1283,2024-04-04,Vendor_16,8700.51,Salaries,Sunita Rao,Priya Singh
V1284,2024-06-06,Vendor_13,253212.93,Utilities,Priya Singh,Sunita Rao
V1285,2024-05-07,Vendor_13,4259.32,Salaries,Rahul Sharma,Vikram Nair
V1286,2024-04-10,Vendor_15,25775.19,Office Supplies,Amit Verma,Vikram Nair
V1287,2024-10-25,Vendor_23,54028.66,Salaries,Sunita Rao,Amit Verma
V1288,2024-05-29,Vendor_13,39733.28,Office Supplies,Amit Verma,Priya Singh
V1289,2025-02-11,Vendor_15,16094.83,Salaries,Amit Verma,Rahul Sharma
V1290,2025-01-27,Vendor_13,24363.23,Utilities,Rahul Sharma,Vikram Nair
V1291,2024-09-06,Vendor_24,18323.72,Consulting,Priya Singh,Sunita Rao
V1292,2024-06-29,Vendor_3,16640.39,Utilities,Rahul Sharma,Amit Verma
V1293,2024-09-26,Vendor_12,70161.48,Salaries,Priya Singh,Amit Verma
V1294,2024-05-23,Vendor_5,42871.74,Consulting,Priya Singh,Amit Verma
V1295,2025-02-03,Vendor_5,15003.56,Salaries,Rahul Sharma,Amit Verma
V1296,2024-12-09,Vendor_15,73758.57,Utilities,Vikram Nair,Sunita Rao
V1297,2025-01-15,Vendor_21,40792.45,Salaries,Vikram Nair,Amit Verma
V1298,2024-09-09,Vendor_5,67630.53,Rent,Rahul Sharma,Vikram Nair
V1299,2024-11-13,Vendor_21,56307.41,Consulting,Amit Verma,Rahul Sharma
V1300,2024-12-16,Vendor_3,13094.63,Consulting,Sunita Rao,Vikram Nair
V1301,2024-04-30,Vendor_12,17133.17,Consulting,Rahul Sharma,Priya Singh
V1302,2025-01-30,Vendor_17,49800.0,Rent,Sunita Rao,Rahul Sharma
V1303,2025-02-28,Vendor_7,55233.39,Consulting,Vikram Nair,Sunita Rao
V1304,2024-12-13,Vendor_5,29379.46,Office Supplies,Sunita Rao,Rahul Sharma
V1305,2024-09-23,Vendor_23,33734.63,Office Supplies,Vikram Nair,Priya Singh
V1306,2024-08-05,Vendor_23,107647.53,Rent,Sunita Rao,Priya Singh
V1307,2024-10-04,Vendor_12,16603.71,Consulting,Sunita Rao,Vikram Nair
V1308,2025-03-14,Vendor_20,51846.88,Office Supplies,Amit Verma,Rahul Sharma
V1309,2024-09-16,Vendor_4,24508.13,Utilities,Sunita Rao,Amit Verma
V1310,2024-08-08,Vendor_24,24131.46,Salaries,Vikram Nair,Priya Singh
V1311,2024-09-18,Vendor_3,90014.81,Utilities,Priya Singh,Sunita Rao
V1312,2024-09-06,Vendor_21,68484.93,Salaries,Sunita Rao,Priya Singh
V1313,2025-01-30,Vendor_23,67674.34,Office Supplies,Amit Verma,Vikram Nair
V1314,2025-02-24,Vendor_11,110683.66,Travel,Vikram Nair,Rahul Sharma
V1315,2025-02-25,Vendor_22,30636.78,Rent,Vikram Nair,Amit Verma
V1316,2024-04-10,Vendor_12,59332.09,Consulting,Priya Singh,Amit Verma
V1317,2024-12-05,Vendor_7,21997.54,Travel,Priya Singh,Amit Verma
V1318,2024-05-10,Vendor_10,41486.32,Office Supplies,Vikram Nair,Rahul Sharma
V1319,2025-03-05,Vendor_11,26339.09,Utilities,Priya Singh,Vikram Nair
V1320,2024-06-18,Vendor_6,33055.68,Travel,Vikram Nair,Priya Singh
V1321,2024-11-11,Vendor_2,54399.47,Rent,Amit Verma,Priya Singh
V1322,2024-11-14,Vendor_20,13236.48,Consulting,Sunita Rao,Priya Singh
V1323,2024-12-30,Vendor_8,243127.17,Consulting,Sunita Rao,Priya Singh
V1324,2025-03-14,Vendor_19,10970.17,Rent,Sunita Rao,Amit Verma
V1325,2024-12-27,Vendor_14,8908.53,Travel,Priya Singh,Amit Verma
V1326,2024-08-07,Vendor_2,95517.38,Salaries,Sunita Rao,Amit Verma
V1327,2025-01-09,Vendor_4,66211.89,Salaries,Vikram Nair,Rahul Sharma
V1328,2024-05-13,Vendor_25,55998.07,Travel,Amit Verma,Vikram Nair
V1329,2024-12-19,Vendor_5,56235.2,Rent,Rahul Sharma,Rahul Sharma
V1330,2024-09-26,Vendor_1,29634.84,Rent,Rahul Sharma,Vikram Nair
V1331,2024-10-09,Vendor_8,12230.62,Rent,Rahul Sharma,Sunita Rao
V1332,2024-07-24,Vendor_1,32362.55,Consulting,Rahul Sharma,Sunita Rao
V1333,2024-06-14,Vendor_5,15241.71,Office Supplies,Amit Verma,Vikram Nair
V1334,2024-06-11,Vendor_25,79544.54,Salaries,Sunita Rao,Vikram Nair
V1335,2025-02-10,Vendor_1,25897.33,Office Supplies,Rahul Sharma,Sunita Rao
V1336,2025-01-06,Vendor_24,13140.51,Utilities,Vikram Nair,Sunita Rao
V1337,2024-05-27,Vendor_25,21754.3,Consulting,Priya Singh,Sunita Rao
V1338,2024-04-25,Vendor_8,45337.24,Rent,Vikram Nair,Sunita Rao
V1339,2024-05-03,Vendor_4,17072.57,Rent,Vikram Nair,Rahul Sharma
V1340,2025-02-18,Vendor_17,13183.64,Utilities,Priya Singh,Amit Verma
V1341,2024-08-28,Vendor_14,38278.36,Office Supplies,Vikram Nair,Amit Verma
V1342,2024-08-02,Vendor_19,38327.36,Rent,Priya Singh,Rahul Sharma
V1343,2024-12-25,Vendor_12,18070.02,Office Supplies,Vikram Nair,Rahul Sharma
V1344,2024-10-17,Vendor_16,18730.61,Office Supplies,Sunita Rao,Amit Verma
V1345,2024-08-08,Vendor_24,37835.48,Office Supplies,Amit Verma,Rahul Sharma
V1346,2024-09-24,Vendor_8,7050.6,Salaries,Rahul Sharma,Sunita Rao
V1347,2024-04-23,Vendor_12,1750000.0,Utilities,Amit Verma,Priya Singh
V1348,2025-03-17,Vendor_15,14625.3,Salaries,Sunita Rao,Priya Singh
V1349,2024-05-03,Vendor_23,24233.85,Rent,Rahul Sharma,Sunita Rao
V1350,2024-04-23,Vendor_7,50000.0,Office Supplies,Amit Verma,Sunita Rao
V1351,2024-12-20,Vendor_13,131177.79,Utilities,Sunita Rao,Amit Verma
V1352,2024-04-19,Vendor_25,70729.09,Salaries,Priya Singh,Sunita Rao
V1353,2024-09-30,Vendor_25,25565.89,Office Supplies,Amit Verma,Sunita Rao
V1354,2024-06-03,Vendor_12,29434.9,Rent,Sunita Rao,Vikram Nair
V1355,2024-10-15,Vendor_11,11008.5,Travel,Sunita Rao,Vikram Nair
V1356,2024-08-15,Vendor_3,29449.72,Salaries,Sunita Rao,Rahul Sharma
V1357,2024-11-07,Vendor_20,22478.04,Travel,Vikram Nair,Amit Verma
V1358,2024-09-12,Vendor_4,41426.3,Office Supplies,Amit Verma,Sunita Rao
V1359,2024-09-04,Vendor_15,13117.75,Utilities,Sunita Rao,Priya Singh
V1360,2025-03-20,Vendor_15,50427.86,Consulting,Sunita Rao,Rahul Sharma
V1361,2024-08-19,Vendor_21,138925.29,Office Supplies,Rahul Sharma,Vikram Nair
V1362,2024-10-04,Vendor_17,26908.37,Salaries,Priya Singh,Rahul Sharma
V1363,2024-06-13,Vendor_20,44831.41,Salaries,Sunita Rao,Rahul Sharma
V1364,2024-06-04,Vendor_3,59820.08,Travel,Amit Verma,Sunita Rao
V1365,2024-10-14,Vendor_19,20085.07,Office Supplies,Vikram Nair,Priya Singh
V1366,2025-03-14,Vendor_15,37535.6,Consulting,Amit Verma,Vikram Nair
V1367,2024-05-10,Vendor_19,30380.16,Travel,Vikram Nair,Amit Verma
V1368,2024-10-21,Vendor_11,33078.17,Salaries,Amit Verma,Priya Singh
V1369,2024-05-29,Vendor_1,13848.65,Salaries,Priya Singh,Vikram Nair
V1370,2024-10-16,Vendor_18,30744.39,Office Supplies,Amit Verma,Sunita Rao
V1371,2025-03-27,Vendor_15,49362.73,Travel,Vikram Nair,Amit Verma
V1372,2024-07-12,Vendor_4,128039.78,Travel,Rahul Sharma,Vikram Nair
V1373,2024-06-29,Vendor_23,78293.78,Rent,Rahul Sharma,Sunita Rao
V1374,2024-09-25,Vendor_23,30000.0,Office Supplies,Vikram Nair,Amit Verma
V1375,2024-06-20,Vendor_23,1500000.0,Salaries,Priya Singh,Sunita Rao
V1376,2024-12-17,Vendor_8,71773.69,Office Supplies,Priya Singh,Amit Verma
V1377,2024-07-31,Vendor_16,36036.75,Office Supplies,Amit Verma,Sunita Rao
V1378,2024-11-26,Vendor_18,268003.57,Travel,Vikram Nair,Rahul Sharma
V1379,2024-09-06,Vendor_13,13368.47,Salaries,Sunita Rao,Vikram Nair
V1380,2025-01-20,Vendor_3,12954.92,Travel,Amit Verma,Rahul Sharma
V1381,2024-11-25,Vendor_22,16474.35,Utilities,Amit Verma,Priya Singh
V1382,2025-01-08,Vendor_21,48999.0,Utilities,Priya Singh,Amit Verma
V1383,2024-11-08,Vendor_17,17733.27,Office Supplies,Rahul Sharma,Amit Verma
V1384,2024-09-03,Vendor_6,14042.17,Travel,Amit Verma,Priya Singh
V1385,2024-09-25,Vendor_17,34868.76,Consulting,Rahul Sharma,Sunita Rao
V1386,2024-07-10,Vendor_21,42222.5,Utilities,Amit Verma,Priya Singh
V1387,2024-09-03,Vendor_20,195853.75,Utilities,Rahul Sharma,Amit Verma
V1388,2025-01-29,Vendor_19,77604.17,Travel,Priya Singh,Sunita Rao
V1389,2025-01-14,Vendor_2,16849.04,Office Supplies,Rahul Sharma,Priya Singh
V1390,2025-01-21,Vendor_9,12216.44,Salaries,Priya Singh,Vikram Nair
V1391,2025-02-11,Vendor_21,49063.56,Office Supplies,Sunita Rao,Amit Verma
V1392,2024-09-02,Vendor_16,8012.19,Travel,Sunita Rao,Amit Verma
V1393,2024-11-19,Vendor_3,187289.61,Salaries,Rahul Sharma,Amit Verma
V1394,2024-11-12,Vendor_14,97576.58,Rent,Sunita Rao,Priya Singh
V1395,2025-02-05,Vendor_5,18765.53,Consulting,Amit Verma,Sunita Rao
V1396,2024-10-22,Vendor_5,5408.99,Consulting,Vikram Nair,Rahul Sharma
V1397,2024-09-11,Vendor_8,116171.76,Rent,Rahul Sharma,Sunita Rao
V1398,2024-08-05,Vendor_5,26753.29,Office Supplies,Rahul Sharma,Sunita Rao
V1399,2024-10-14,Vendor_20,103442.27,Rent,Priya Singh,Amit Verma
V1400,2025-01-21,Vendor_24,6090.74,Consulting,Priya Singh,Amit Verma
V1401,2024-12-12,Vendor_17,16474.64,Rent,Sunita Rao,Amit Verma
V1402,2024-12-11,Vendor_1,30157.72,Office Supplies,Sunita Rao,Vikram Nair
V1403,2024-08-02,Vendor_7,31443.05,Utilities,Amit Verma,Rahul Sharma
V1404,2024-04-26,Vendor_10,19127.59,Rent,Vikram Nair,Sunita Rao
V1405,2024-12-31,Vendor_1,55927.0,Office Supplies,Sunita Rao,Priya Singh
V1406,2024-08-14,Vendor_24,10314.77,Consulting,Sunita Rao,Amit Verma
V1407,2024-04-24,Vendor_13,26018.76,Office Supplies,Vikram Nair,Priya Singh
V1408,2024-10-03,Vendor_18,33834.91,Consulting,Rahul Sharma,Vikram Nair
V1409,2025-01-07,Vendor_9,50180.99,Utilities,Vikram Nair,Rahul Sharma
V1410,2024-06-05,Vendor_4,61118.36,Rent,Amit Verma,Sunita Rao
V1411,2024-06-13,Vendor_7,9743.06,Utilities,Vikram Nair,Sunita Rao
V1412,2024-12-13,Vendor_2,6469.4,Office Supplies,Rahul Sharma,Amit Verma
V1413,2025-04-01,Vendor_11,60000.0,Rent,Vikram Nair,Vikram Nair
V1414,2025-02-05,Vendor_17,41825.72,Travel,Amit Verma,Sunita Rao
V1415,2025-02-10,Vendor_24,14192.46,Consulting,Vikram Nair,Amit Verma
V1416,2024-12-16,Vendor_17,141507.02,Utilities,Sunita Rao,Amit Verma
V1417,2024-04-09,Vendor_12,33678.92,Consulting,Rahul Sharma,Vikram Nair
V1418,2025-01-24,Vendor_10,97562.63,Salaries,Rahul Sharma,Vikram Nair
V1419,2024-08-14,Vendor_21,32095.5,Utilities,Vikram Nair,Priya Singh
V1420,2025-01-24,Vendor_16,235555.21,Travel,Vikram Nair,Sunita Rao
V1421,2024-04-17,Vendor_19,173562.58,Salaries,Rahul Sharma,Amit Verma
V1422,2024-04-10,Vendor_15,23388.24,Consulting,Sunita Rao,Priya Singh
V1423,2024-10-29,Vendor_23,79262.75,Travel,Sunita Rao,Vikram Nair
V1424,2024-05-02,Vendor_23,57201.11,Travel,Vikram Nair,Priya Singh
V1425,2025-01-13,Vendor_11,117899.07,Salaries,Sunita Rao,Vikram Nair
V1426,2024-06-28,Vendor_15,11430.37,Utilities,Amit Verma,Sunita Rao
V1427,2025-03-13,Vendor_25,59575.76,Salaries,Amit Verma,Vikram Nair
V1428,2024-07-08,Vendor_8,86454.81,Consulting,Vikram Nair,Amit Verma
V1429,2024-07-25,Vendor_10,5167.86,Consulting,Priya Singh,Vikram Nair
V1430,2024-09-10,Vendor_16,9188.37,Consulting,Vikram Nair,Amit Verma
V1431,2024-08-26,Vendor_4,3903.86,Utilities,Vikram Nair,Sunita Rao
V1432,2024-09-24,Vendor_25,22914.97,Travel,Amit Verma,Rahul Sharma
V1433,2024-08-26,Vendor_23,61481.7,Office Supplies,Amit Verma,Vikram Nair
V1434,2024-12-02,Vendor_7,134767.95,Travel,Vikram Nair,Amit Verma
V1435,2025-01-13,Vendor_23,32307.27,Consulting,Priya Singh,Rahul Sharma
V1436,2025-02-10,Vendor_24,152904.41,Utilities,Priya Singh,Amit Verma
V1437,2024-04-26,Vendor_22,7546.59,Utilities,Priya Singh,Amit Verma
V1438,2024-05-22,Vendor_14,5462.0,Consulting,Sunita Rao,Rahul Sharma
V1439,2024-06-10,Vendor_1,28379.01,Utilities,Priya Singh,Vikram Nair
V1440,2025-02-28,Vendor_7,44047.25,Consulting,Amit Verma,Sunita Rao
V1441,2025-02-25,Vendor_2,29035.02,Office Supplies,Vikram Nair,Priya Singh
V1442,2024-12-30,Vendor_24,3795.27,Salaries,Rahul Sharma,Amit Verma
V1443,2024-10-31,Vendor_6,27442.07,Office Supplies,Sunita Rao,Vikram Nair
V1444,2024-07-05,Vendor_24,8139.49,Consulting,Rahul Sharma,Priya Singh
V1445,2025-01-16,Vendor_20,75000.0,Office Supplies,Amit Verma,Sunita Rao
V1446,2024-11-19,Vendor_21,43284.54,Utilities,Vikram Nair,Sunita Rao
V1447,2024-11-26,Vendor_9,11720.24,Travel,Rahul Sharma,Sunita Rao
V1448,2024-11-21,Vendor_21,17945.34,Consulting,Priya Singh,Rahul Sharma
V1449,2024-09-20,Vendor_10,10401.85,Utilities,Priya Singh,Amit Verma
V1450,2025-02-07,Vendor_21,28177.34,Rent,Sunita Rao,Amit Verma
V1451,2024-05-15,Vendor_13,77971.21,Salaries,Rahul Sharma,Amit Verma
V1452,2024-06-11,Vendor_16,11195.05,Consulting,Priya Singh,Rahul Sharma
V1453,2024-08-12,Vendor_13,49662.19,Travel,Sunita Rao,Amit Verma
V1454,2024-09-16,Vendor_10,17653.6,Utilities,Vikram Nair,Rahul Sharma
V1455,2024-08-12,Vendor_21,13576.29,Consulting,Priya Singh,Rahul Sharma
V1456,2024-05-31,Vendor_15,26954.95,Consulting,Priya Singh,Vikram Nair
V1457,2025-03-18,Vendor_17,10654.21,Salaries,Amit Verma,Rahul Sharma
V1458,2024-08-30,Vendor_12,17245.45,Utilities,Priya Singh,Amit Verma
V1459,2024-06-18,Vendor_15,9055.02,Salaries,Vikram Nair,Amit Verma
V1460,2024-10-30,Vendor_23,213988.55,Utilities,Sunita Rao,Priya Singh
V1461,2024-08-05,Vendor_22,31076.78,Utilities,Rahul Sharma,Vikram Nair
V1462,2024-12-27,Vendor_23,14901.65,Consulting,Rahul Sharma,Priya Singh
V1463,2024-05-02,Vendor_18,37157.93,Utilities,Priya Singh,Amit Verma
V1464,2024-06-24,Vendor_11,26812.53,Utilities,Sunita Rao,Rahul Sharma
V1465,2024-07-15,Vendor_23,24052.23,Utilities,Sunita Rao,Rahul Sharma
V1466,2024-12-18,Vendor_15,55443.48,Office Supplies,Sunita Rao,Priya Singh
V1467,2024-12-19,Vendor_14,63988.61,Rent,Vikram Nair,Rahul Sharma
V1468,2025-03-11,Vendor_10,17649.3,Salaries,Rahul Sharma,Vikram Nair
V1469,2024-08-09,Vendor_1,16867.34,Salaries,Priya Singh,Rahul Sharma
V1470,2024-04-24,Vendor_14,22785.99,Consulting,Rahul Sharma,Priya Singh
V1471,2024-05-06,Vendor_16,3001.99,Office Supplies,Amit Verma,Vikram Nair
V1472,2024-07-02,Vendor_25,6592.99,Travel,Sunita Rao,Amit Verma
V1473,2024-10-11,Vendor_13,117692.07,Office Supplies,Vikram Nair,Priya Singh
V1474,2024-09-26,Vendor_4,155425.28,Travel,Vikram Nair,Sunita Rao
V1475,2024-12-27,Vendor_5,23386.56,Salaries,Priya Singh,Rahul Sharma
V1476,2024-04-12,Vendor_10,53396.99,Rent,Vikram Nair,Sunita Rao
V1477,2024-08-05,Vendor_15,40953.92,Consulting,Priya Singh,Sunita Rao
V1478,2024-05-28,Vendor_2,652021.93,Salaries,Sunita Rao,Rahul Sharma
V1479,2024-08-02,Vendor_7,91906.55,Office Supplies,Rahul Sharma,Priya Singh
V1480,2024-11-15,Vendor_20,26397.78,Salaries,Rahul Sharma,Amit Verma
V1481,2024-04-23,Vendor_13,11538.13,Rent,Priya Singh,Amit Verma
V1482,2024-04-29,Vendor_5,6017.98,Utilities,Amit Verma,Priya Singh
V1483,2025-01-20,Vendor_11,36769.22,Utilities,Vikram Nair,Amit Verma
V1484,2024-07-31,Vendor_10,14081.29,Travel,Vikram Nair,Priya Singh
V1485,2024-10-29,Vendor_10,7235.1,Consulting,Rahul Sharma,Amit Verma
V1486,2025-03-14,Vendor_14,15715.14,Utilities,Sunita Rao,Rahul Sharma
V1487,2024-09-24,Vendor_21,10172.11,Salaries,Sunita Rao,Amit Verma
V1488,2024-10-31,Vendor_14,162120.36,Travel,Amit Verma,Vikram Nair
V1489,2024-07-04,Vendor_25,72445.69,Utilities,Sunita Rao,Priya Singh
V1490,2024-07-25,Vendor_10,29761.77,Salaries,Priya Singh,Vikram Nair
V1491,2024-04-30,Vendor_18,131781.01,Rent,Sunita Rao,Priya Singh
V1492,2024-10-16,Vendor_8,32413.2,Consulting,Priya Singh,Sunita Rao
V1493,2025-02-26,Vendor_3,12678.57,Rent,Amit Verma,Rahul Sharma
V1494,2024-12-31,Vendor_24,137595.95,Travel,Rahul Sharma,Sunita Rao
V1495,2024-10-11,Vendor_22,51424.13,Utilities,Vikram Nair,Rahul Sharma
V1496,2024-05-08,Vendor_7,10632.88,Utilities,Vikram Nair,Priya Singh
V1497,2024-12-02,Vendor_7,24800.37,Consulting,Amit Verma,Rahul Sharma
V1498,2024-07-18,Vendor_7,12498.13,Salaries,Rahul Sharma,Vikram Nair
V1499,2025-02-04,Vendor_23,7526.26,Travel,Sunita Rao,Priya Singh
V1304,2024-12-13,Vendor_5,29379.46,Office Supplies,Sunita Rao,Rahul Sharma
V1340,2025-02-18,Vendor_17,13183.64,Utilities,Priya Singh,Amit Verma
V1047,2024-08-06,Vendor_3,86342.3,Rent,Vikram Nair,Rahul Sharma
V1067,2025-01-09,Vendor_5,81837.07,Consulting,Amit Verma,Priya Singh
V1479,2024-08-02,Vendor_7,91906.55,Office Supplies,Rahul Sharma,Priya Singh
