GSTIN of supplier,Trade/ Legal name of supplier,Invoice details,,,,Place of supply,Supply attract   reverse charge,Rate (%),Taxable value (â‚,Tax amount,,,,"Counterparty GSTR-1/5 filing date 
(DD/MM/YYYY)",ITC available,Reason for non accounting of ITC
,,Invoice number,Invoice type,Invoice date,Invoice value (â‚,,,,,Integrated tax  (â‚,Central tax (â‚,State/UT tax (â‚,Cess  (â‚,,,
24AAACI5569D1ZQ,INOX AIR PRODUCTS PRIVATE LIMITED,GJ1901003499,R,26/04/2019,"1,427.80",Gujarat,N,18,"1,210.00",0.00,108.90,108.90,0.00,08/05/2019,Yes,
24AAACI5569D1ZQ,INOX AIR PRODUCTS PRIVATE LIMITED,GJ1901000932,R,08/04/2019,"1,864.40",Gujarat,N,18,"1,580.00",0.00,142.20,142.20,0.00,08/05/2019,Yes,
24AABFU1297N1ZT,UNIQUE CONSTRUCTION,GJ/19-20/19,R,26/04/2019,"298,552.00",Gujarat,N,18,"250,884.00",0.00,"22,579.56","22,579.56",0.00,20/05/2019,Yes,
24AABFU1297N1ZT,UNIQUE CONSTRUCTION,GJ/19-20/17,R,25/04/2019,"273,427.00",Gujarat,N,18,"229,770.00",0.00,"20,679.30","20,679.30",0.00,20/05/2019,Yes,
24AABFU1297N1ZT,UNIQUE CONSTRUCTION,GJ/19-20/23,R,29/04/2019,"142,872.00",Gujarat,N,18,"120,060.00",0.00,"10,805.40","10,805.40",0.00,20/05/2019,Yes,
24AABFU1297N1ZT,UNIQUE CONSTRUCTION,GJ/19-20/21,R,26/04/2019,"271,878.00",Gujarat,N,18,"228,275.00",0.00,"20,544.75","20,544.75",0.00,20/05/2019,Yes,
24AADCR4658R1ZP,RANJIT BUILDCON  LIMITED,GJ/AS/02/19-20,R,03/04/2019,"270,562.00",Gujarat,N,18,"229,290.00",0.00,"20,636.10","20,636.10",0.00,05/07/2019,Yes,
24AADCR4658R1ZP,RANJIT BUILDCON  LIMITED,GJ/AS/11/19-20,R,18/04/2019,"224,807.00",Gujarat,N,18,"190,515.00",0.00,"17,146.35","17,146.35",0.00,05/07/2019,Yes,
24AAGCR7994F1ZY,RAMERA BUILDCON PVT LTD,4,R,21/04/2019,"172,431.00",Gujarat,N,18,"144,900.00",0.00,"13,041.00","13,041.00",0.00,31/07/2019,Yes,
24AAGCR7994F1ZY,RAMERA BUILDCON PVT LTD,5,R,24/04/2019,"240,856.00",Gujarat,N,18,"202,400.00",0.00,"18,216.00","18,216.00",0.00,31/07/2019,Yes,
24AAGCR7994F1ZY,RAMERA BUILDCON PVT LTD,7,R,27/04/2019,"205,275.00",Gujarat,N,18,"172,500.00",0.00,"15,525.00","15,525.00",0.00,31/07/2019,Yes,
24ACCFS3173N1ZV,SHREEJI GAS CORPORATION,101,R,15/04/2019,"2,124.00",Gujarat,N,18,"1,800.00",0.00,162.00,162.00,0.00,10/05/2019,Yes,
24ACCFS3173N1ZV,SHREEJI GAS CORPORATION,213,R,30/04/2019,"3,009.00",Gujarat,N,18,"2,550.00",0.00,229.50,229.50,0.00,10/05/2019,Yes,
24AAACI5569D1ZQ,INOX AIR PRODUCTS PRIVATE LIMITED,GJ1901004482,R,03/05/2019,"1,487.98",Gujarat,N,18,"1,261.00",0.00,113.49,113.49,0.00,07/06/2019,Yes,
24AAACI5569D1ZQ,INOX AIR PRODUCTS PRIVATE LIMITED,GJ1901005475,R,10/05/2019,"1,646.10",Gujarat,N,18,"1,395.00",0.00,125.55,125.55,0.00,07/06/2019,Yes,
24AABFU1297N1ZT,UNIQUE CONSTRUCTION,GJ/19-20/59,R,31/05/2019,"273,427.00",Gujarat,N,18,"229,770.00",0.00,"20,679.30","20,679.30",0.00,25/06/2019,Yes,
24AABFU1297N1ZT,UNIQUE CONSTRUCTION,GJ/19-20/57,R,30/05/2019,"236,751.00",Gujarat,N,18,"198,950.00",0.00,"17,905.50","17,905.50",0.00,25/06/2019,Yes,
24AABFU1297N1ZT,UNIQUE CONSTRUCTION,GJ/19-20/55,R,29/05/2019,"272,332.00",Gujarat,N,18,"228,850.00",0.00,"20,596.50","20,596.50",0.00,25/06/2019,Yes,
24AADCR4658R1ZP,RANJIT BUILDCON  LIMITED,GJ/AS/14/19-20,R,01/05/2019,"166,547.00",Gujarat,N,18,"141,141.00",0.00,"12,702.69","12,702.69",0.00,13/09/2019,Yes,
24ACCFS3173N1ZV,SHREEJI GAS CORPORATION,444,R,31/05/2019,"8,142.00",Gujarat,N,18,"6,900.00",0.00,621.00,621.00,0.00,10/06/2019,Yes,
24ACCFS3173N1ZV,SHREEJI GAS CORPORATION,324,R,15/05/2019,"6,903.00",Gujarat,N,18,"5,850.00",0.00,526.50,526.50,0.00,10/06/2019,Yes,
24FUKPK8803G1ZG,SUPER IMPEX,TI/18,R,10/05/2019,"364,178.00",Gujarat,N,18,"308,625.00",0.00,"27,776.25","27,776.25",0.00,09/06/2019,Yes,
24FUKPK8803G1ZG,SUPER IMPEX,TI/20,R,17/05/2019,"368,455.00",Gujarat,N,18,"312,250.00",0.00,"28,102.50","28,102.50",0.00,09/06/2019,Yes,
24FUKPK8803G1ZG,SUPER IMPEX,TI/23,R,27/05/2019,"350,313.00",Gujarat,N,18,"296,875.00",0.00,"26,718.75","26,718.75",0.00,09/06/2019,Yes,
24AAACI5569D1ZQ,INOX AIR PRODUCTS PRIVATE LIMITED,GJ1901009024,R,05/06/2019,"107,955.84",Gujarat,N,18,"91,488.00",0.00,"8,233.92","8,233.92",0.00,05/07/2019,Yes,
24AAACI5569D1ZQ,INOX AIR PRODUCTS PRIVATE LIMITED,GJ1901008460,R,01/06/2019,"1,467.92",Gujarat,N,18,"1,244.00",0.00,111.96,111.96,0.00,05/07/2019,Yes,
24AAGCR7994F1ZY,RAMERA BUILDCON PVT LTD,16,R,05/06/2019,"199,206.00",Gujarat,N,18,"167,400.00",0.00,"15,066.00","15,066.00",0.00,13/11/2019,Yes,
24AAGCR7994F1ZY,RAMERA BUILDCON PVT LTD,11,R,01/06/2019,"204,204.00",Gujarat,N,18,"171,600.00",0.00,"15,444.00","15,444.00",0.00,13/11/2019,Yes,
24AAGCR7994F1ZY,RAMERA BUILDCON PVT LTD,13,R,03/06/2019,"208,488.00",Gujarat,N,18,"175,200.00",0.00,"15,768.00","15,768.00",0.00,13/11/2019,Yes,
24AAPCA4577Q1ZU,AVADHOOT PROJECT PVT LTD,10,R,12/06/2019,"130,000.00",Gujarat,N,18,"110,170.00",0.00,"9,915.30","9,915.30",0.00,11/07/2019,Yes,
24ACCFS3173N1ZV,SHREEJI GAS CORPORATION,563,R,17/06/2019,"2,832.00",Gujarat,N,18,"2,400.00",0.00,216.00,216.00,0.00,11/07/2019,Yes,
24ACCFS3173N1ZV,SHREEJI GAS CORPORATION,680,R,30/06/2019,"4,779.00",Gujarat,N,18,"4,050.00",0.00,365.00,365.00,0.00,11/07/2019,Yes,
24AAWFR0748J1ZP,ROHAN INFRASTRUCTURE,02,R,19/07/2019,"169,354.00",Gujarat,N,18,"143,520.00",0.00,"12,916.80","12,916.80",0.00,14/08/2019,Yes,
24ACCFS3173N1ZV,SHREEJI GAS CORPORATION,813,R,17/07/2019,"4,779.00",Gujarat,N,18,"4,050.00",0.00,365.00,365.00,0.00,10/08/2019,Yes,
24ACCFS3173N1ZV,SHREEJI GAS CORPORATION,940,R,31/07/2019,"3,363.00",Gujarat,N,18,"2,850.00",0.00,257.00,257.00,0.00,10/08/2019,Yes,
24AAACI5569D1ZQ,INOX AIR PRODUCTS PRIVATE LIMITED,GJ1901017132,R,01/08/2019,"92,976.92",Gujarat,N,18,"78,794.00",0.00,"7,091.46","7,091.46",0.00,06/09/2019,Yes,
24AAACI5569D1ZQ,INOX AIR PRODUCTS PRIVATE LIMITED,GJ1901019567,R,20/08/2019,"3,375.98",Gujarat,N,18,"2,861.00",0.00,257.49,257.49,0.00,06/09/2019,Yes,
24AAACI5569D1ZQ,INOX AIR PRODUCTS PRIVATE LIMITED,GJ1901019884,R,22/08/2019,"58,157.48",Gujarat,N,18,"49,286.00",0.00,"4,435.74","4,435.74",0.00,06/09/2019,Yes,
24AAACI5569D1ZQ,INOX AIR PRODUCTS PRIVATE LIMITED,GJ1901018937,R,14/08/2019,"54,379.12",Gujarat,N,18,"46,084.00",0.00,"4,147.56","4,147.56",0.00,06/09/2019,Yes,
24AAACI5569D1ZQ,INOX AIR PRODUCTS PRIVATE LIMITED,GJ1901020081,R,23/08/2019,"5,294.66",Gujarat,N,18,"4,487.00",0.00,403.83,403.83,0.00,06/09/2019,Yes,
24AABFU1297N1ZT,UNIQUE CONSTRUCTION,GJ/19-20/199,R,01/08/2019,"258,646.00",Gujarat,N,18,"217,350.00",0.00,"19,561.50","19,561.50",0.00,11/09/2019,Yes,
24AABFU1297N1ZT,UNIQUE CONSTRUCTION,GJ/19-20/201,R,04/08/2019,"260,645.00",Gujarat,N,18,"219,030.00",0.00,"19,712.70","19,712.70",0.00,11/09/2019,Yes,
24ACCFS3173N1ZV,SHREEJI GAS CORPORATION,1066,R,16/08/2019,"1,593.00",Gujarat,N,18,"1,350.00",0.00,122.00,122.00,0.00,09/09/2019,Yes,
24ACCFS3173N1ZV,SHREEJI GAS CORPORATION,1192,R,31/08/2019,"2,478.00",Gujarat,N,18,"2,100.00",0.00,189.00,189.00,0.00,09/09/2019,Yes,
24AADCR4658R1ZP,RANJIT BUILDCON  LIMITED,GJ/AS/20/19-20,R,01/09/2019,"234,702.00",Gujarat,N,18,"198,900.00",0.00,"17,901.00","17,901.00",0.00,25/11/2019,Yes,
24AADCR4658R1ZP,RANJIT BUILDCON  LIMITED,GJ/AS/23/19-20,R,05/09/2019,"170,982.00",Gujarat,N,18,"144,900.00",0.00,"13,041.00","13,041.00",0.00,25/11/2019,Yes,
24AADCR4658R1ZP,RANJIT BUILDCON  LIMITED,GJ/AS/24/19-20,R,06/09/2019,"351,900.00",Gujarat,N,18,"298,220.00",0.00,"26,839.80","26,839.80",0.00,25/11/2019,Yes,
24AADCR4658R1ZP,RANJIT BUILDCON  LIMITED,GJ/AS/25/19-20,R,06/09/2019,"240,190.00",Gujarat,N,18,"203,550.00",0.00,"18,319.50","18,319.50",0.00,25/11/2019,Yes,
24AADCR4658R1ZP,RANJIT BUILDCON  LIMITED,GJ/AS/26/19-20,R,11/09/2019,"137,872.00",Gujarat,N,18,"116,840.00",0.00,"10,515.60","10,515.60",0.00,25/11/2019,Yes,
24AADCR4658R1ZP,RANJIT BUILDCON  LIMITED,GJ/AS/28/19-20,R,24/09/2019,"74,092.20",Gujarat,N,18,"62,790.00",0.00,"5,651.10","5,651.10",0.00,25/11/2019,Yes,
24AADCR4658R1ZP,RANJIT BUILDCON  LIMITED,GJ/AS/29/19-20,R,26/09/2019,"169,626.00",Gujarat,N,18,"143,750.00",0.00,"12,937.50","12,937.50",0.00,25/11/2019,Yes,
24ACCFS3173N1ZV,SHREEJI GAS CORPORATION,1413,R,30/09/2019,"1,593.00",Gujarat,N,18,"1,350.00",0.00,122.00,122.00,0.00,13/11/2019,Yes,
24EUXPK2184N1ZR,KHAN TRADERS,62,R,20/07/2019,"116,277.00",Gujarat,N,18,"98,540.00",0.00,"8,868.60","8,868.60",0.00,22/11/2019,Yes,
24GOKPS5136F1ZP,RINKU TECHNICALS,5,R,26/08/2019,"209,019.00",Gujarat,N,18,"177,135.00",0.00,"15,942.15","15,942.15",0.00,22/10/2019,Yes,
24AAACI5569D1ZQ,INOX AIR PRODUCTS PRIVATE LIMITED,GJ1901025514,R,02/10/2019,"3,718.18",Gujarat,N,18,"3,151.00",0.00,283.59,283.59,0.00,08/11/2019,Yes,
24AAACI5569D1ZQ,INOX AIR PRODUCTS PRIVATE LIMITED,GJ1901026735,R,11/10/2019,"42,212.14",Gujarat,N,18,"35,773.00",0.00,"3,219.57","3,219.57",0.00,08/11/2019,Yes,
24AAACI5569D1ZQ,INOX AIR PRODUCTS PRIVATE LIMITED,GJ1901026192,R,07/10/2019,"3,792.52",Gujarat,N,18,"3,214.00",0.00,289.26,289.26,0.00,08/11/2019,Yes,
24AADCR4658R1ZP,RANJIT BUILDCON  LIMITED,GJ/AS/31/19-20,R,17/10/2019,"138,674.00",Gujarat,N,18,"117,520.00",0.00,"10,576.80","10,576.80",0.00,27/11/2019,Yes,
24AADCR4658R1ZP,RANJIT BUILDCON  LIMITED,GJ/AS/32/19-20,R,18/10/2019,"213,320.00",Gujarat,N,18,"180,780.00",0.00,"16,270.20","16,270.20",0.00,27/11/2019,Yes,
24AADCR4658R1ZP,RANJIT BUILDCON  LIMITED,GJ/AS/33/19-20,R,24/10/2019,"193,780.00",Gujarat,N,18,"164,220.00",0.00,"14,779.80","14,779.80",0.00,27/11/2019,Yes,
24AAWFR0748J1ZP,ROHAN INFRASTRUCTURE,04,R,22/10/2019,"158,389.00",Gujarat,N,18,"133,100.00",0.00,"11,979.00","11,979.00",0.00,30/11/2019,Yes,
24ACCFS3173N1ZV,SHREEJI GAS CORPORATION,1589,R,20/10/2019,"3,186.00",Gujarat,N,18,"2,700.00",0.00,243.00,243.00,0.00,13/11/2019,Yes,
24ACCFS3173N1ZV,SHREEJI GAS CORPORATION,1688,R,31/10/2019,354.00,Gujarat,N,18,300.00,0.00,27.00,27.00,0.00,13/11/2019,Yes,
24AAACI5569D1ZQ,INOX AIR PRODUCTS PRIVATE LIMITED,GJ1901031628,R,19/11/2019,"20,942.64",Gujarat,N,18,"17,748.00",0.00,"1,597.32","1,597.32",0.00,05/12/2019,Yes,
24AADCR4658R1ZP,RANJIT BUILDCON  LIMITED,GJ/AS/35/19-20,R,07/11/2019,"197,308.00",Gujarat,N,18,"167,210.00",0.00,"15,048.90","15,048.90",0.00,01/01/2020,Yes,
24AADCR4658R1ZP,RANJIT BUILDCON  LIMITED,GJ/AS/36/19-20,R,11/11/2019,"202,194.00",Gujarat,N,18,"171,350.00",0.00,"15,421.50","15,421.50",0.00,01/01/2020,Yes,
24AADCR4658R1ZP,RANJIT BUILDCON  LIMITED,GJ/AS/42/19-20,R,25/11/2019,"442,500.00",Gujarat,N,18,"375,000.00",0.00,"33,750.00","33,750.00",0.00,01/01/2020,Yes,
24AADCR4658R1ZP,RANJIT BUILDCON  LIMITED,GJ/AS/43/19-20,R,27/11/2019,"144,928.00",Gujarat,N,18,"122,820.00",0.00,"11,053.80","11,053.80",0.00,01/01/2020,Yes,
24AADCR4658R1ZP,RANJIT BUILDCON  LIMITED,GJ/AS/44/19-20,R,29/11/2019,"210,064.00",Gujarat,N,18,"178,020.00",0.00,"16,021.80","16,021.80",0.00,01/01/2020,Yes,
24AAEFM1969J1Z3,MARUTI HARDWARE,GSTDM5498,R,16/11/2019,"1,684.00",Gujarat,N,18,"1,427.12",0.00,128.44,128.44,0.00,09/12/2019,Yes,
24AASPA8001H1Z0,JAY BAJRANG TYRES SALES AND SERVICE,19-20/2597,R,08/11/2019,"13,800.00",Gujarat,N,28,"10,781.26",0.00,"1,509.38","1,509.38",0.00,09/12/2019,Yes,
24ACCFS3173N1ZV,SHREEJI GAS CORPORATION,1959,R,30/11/2019,708.00,Gujarat,N,18,600.00,0.00,54.00,54.00,0.00,06/12/2019,Yes,
24ACCFS3173N1ZV,SHREEJI GAS CORPORATION,1851,R,20/11/2019,"5,310.00",Gujarat,N,18,"4,500.00",0.00,405.00,405.00,0.00,06/12/2019,Yes,
24FUKPK8803G1ZG,SUPER IMPEX,TI/104,R,13/11/2019,"82,482.00",Gujarat,N,18,"69,900.00",0.00,"6,291.00","6,291.00",0.00,07/12/2019,Yes,
24AAACI5569D1ZQ,INOX AIR PRODUCTS PRIVATE LIMITED,GJ1901033541,R,03/12/2019,"47,992.96",Gujarat,N,18,"40,672.00",0.00,"3,660.48","3,660.48",0.00,07/01/2020,Yes,
24AAACI5569D1ZQ,INOX AIR PRODUCTS PRIVATE LIMITED,GJ1901036127,R,21/12/2019,"63,213.78",Gujarat,N,18,"53,571.00",0.00,"4,821.39","4,821.39",0.00,07/01/2020,Yes,
24AAACI5569D1ZQ,INOX AIR PRODUCTS PRIVATE LIMITED,GJ1901036041,R,21/12/2019,"75,175.44",Gujarat,N,18,"63,708.00",0.00,"5,733.72","5,733.72",0.00,07/01/2020,Yes,
24AAACI5569D1ZQ,INOX AIR PRODUCTS PRIVATE LIMITED,GJ1901036629,R,25/12/2019,"65,578.50",Gujarat,N,18,"55,575.00",0.00,"5,001.75","5,001.75",0.00,07/01/2020,Yes,
24AAWFR0748J1ZP,ROHAN INFRASTRUCTURE,5,R,17/12/2019,"184,200.00",Gujarat,N,18,"154,790.00",0.00,"13,931.10","13,931.10",0.00,09/01/2020,Yes,
24ACCFS3173N1ZV,SHREEJI GAS CORPORATION,2271,R,31/12/2019,"4,071.00",Gujarat,N,18,"3,450.00",0.00,311.00,311.00,0.00,10/01/2020,Yes,
24ACCFS3173N1ZV,SHREEJI GAS CORPORATION,2116,R,15/12/2019,"4,071.00",Gujarat,N,18,"3,450.00",0.00,311.00,311.00,0.00,10/01/2020,Yes,
24AAACI5569D1ZQ,INOX AIR PRODUCTS PRIVATE LIMITED,GJ1901038007,R,04/01/2020,"57,383.40",Gujarat,N,18,"48,630.00",0.00,"4,376.70","4,376.70",0.00,05/02/2020,Yes,
24AAACI5569D1ZQ,INOX AIR PRODUCTS PRIVATE LIMITED,GJ1901041572,R,31/01/2020,"46,228.86",Gujarat,N,18,"39,177.00",0.00,"3,525.93","3,525.93",0.00,05/02/2020,Yes,
24AAACI5569D1ZQ,INOX AIR PRODUCTS PRIVATE LIMITED,GJ1901040485,R,23/01/2020,"37,600.70",Gujarat,N,18,"31,865.00",0.00,"2,867.85","2,867.85",0.00,05/02/2020,Yes,
24AAACI5569D1ZQ,INOX AIR PRODUCTS PRIVATE LIMITED,GJ1901040027,R,20/01/2020,"8,834.66",Gujarat,N,18,"7,487.00",0.00,673.83,673.83,0.00,05/02/2020,Yes,
24AADCR4658R1ZP,RANJIT BUILDCON  LIMITED,GJ/AS/59/19-20,R,10/01/2020,"200,788.00",Gujarat,N,18,"170,160.00",0.00,"15,314.40","15,314.40",0.00,21/02/2020,Yes,
24AADCR4658R1ZP,RANJIT BUILDCON  LIMITED,GJ/AS/61/19-20,R,16/01/2020,"265,076.00",Gujarat,N,18,"224,640.00",0.00,"20,217.60","20,217.60",0.00,21/02/2020,Yes,
24AADCR4658R1ZP,RANJIT BUILDCON  LIMITED,GJ/AS/63/19-20,R,29/01/2020,"240,720.00",Gujarat,N,18,"204,000.00",0.00,"18,360.00","18,360.00",0.00,21/02/2020,Yes,
24ACCFS3173N1ZV,SHREEJI GAS CORPORATION,2593,R,31/01/2020,"1,593.00",Gujarat,N,18,"1,350.00",0.00,122.00,122.00,0.00,08/02/2020,Yes,
24ACCFS3173N1ZV,SHREEJI GAS CORPORATION,2417,R,15/01/2020,"2,478.00",Gujarat,N,18,"2,100.00",0.00,189.00,189.00,0.00,08/02/2020,Yes,
24AAACI5569D1ZQ,INOX AIR PRODUCTS PRIVATE LIMITED,GJ1901045232,R,27/02/2020,"2,677.42",Gujarat,N,18,"2,269.00",0.00,204.21,204.21,0.00,07/03/2020,Yes,
24AAACI5569D1ZQ,INOX AIR PRODUCTS PRIVATE LIMITED,GJ1901045375,R,28/02/2020,"2,231.38",Gujarat,N,18,"1,891.00",0.00,170.19,170.19,0.00,07/03/2020,Yes,
24AAACI5569D1ZQ,INOX AIR PRODUCTS PRIVATE LIMITED,GJ1901043036,R,11/02/2020,"52,653.96",Gujarat,N,18,"44,622.00",0.00,"4,015.98","4,015.98",0.00,07/03/2020,Yes,
24AAACI5569D1ZQ,INOX AIR PRODUCTS PRIVATE LIMITED,GJ1901043047,R,11/02/2020,"31,949.68",Gujarat,N,18,"27,076.00",0.00,"2,436.84","2,436.84",0.00,07/03/2020,Yes,
24AAACI5569D1ZQ,INOX AIR PRODUCTS PRIVATE LIMITED,GJ1901042073,R,04/02/2020,"10,441.82",Gujarat,N,18,"8,849.00",0.00,796.41,796.41,0.00,07/03/2020,Yes,
24AAACI5569D1ZQ,INOX AIR PRODUCTS PRIVATE LIMITED,GJ1901044958,R,25/02/2020,"5,145.98",Gujarat,N,18,"4,361.00",0.00,392.49,392.49,0.00,07/03/2020,Yes,
24AABFC2262P1ZG,CHETAN ENGINEERS,005,R,24/02/2020,"190,670.00",Gujarat,N,18,"160,230.00",0.00,"14,420.70","14,420.70",0.00,11/03/2020,Yes,
24AACCJ3016E1Z7,J B DIGITRONICS PVT LTD,010612,R,20/02/2020,"26,000.00",Gujarat,N,28,"20,312.50",0.00,"2,843.75","2,843.75",0.00,11/03/2020,Yes,
24AADCR4658R1ZP,RANJIT BUILDCON  LIMITED,GJ/AS/64/19-20,R,03/02/2020,"201,356.00",Gujarat,N,18,"170,640.00",0.00,"15,357.60","15,357.60",0.00,26/03/2020,Yes,
24AAWFR0748J1ZP,ROHAN INFRASTRUCTURE,07,R,14/02/2020,"157,548.00",Gujarat,N,18,"133,515.00",0.00,"12,016.00","12,016.00",0.00,09/03/2020,Yes,
24ACCFS3173N1ZV,SHREEJI GAS CORPORATION,2870,R,29/02/2020,"5,310.00",Gujarat,N,18,"4,500.00",0.00,405.00,405.00,0.00,09/03/2020,Yes,
24AECPH6789R1ZP,HASHMI TRADERS,342,R,22/02/2020,"54,646.00",Gujarat,N,18,"46,310.00",0.00,"4,167.90","4,167.90",0.00,03/03/2020,Yes,
24AECPH6789R1ZP,HASHMI TRADERS,345,R,24/02/2020,"47,248.00",Gujarat,N,18,"40,040.00",0.00,"3,603.60","3,603.60",0.00,03/03/2020,Yes,
24AECPH6789R1ZP,HASHMI TRADERS,344,R,24/02/2020,"49,844.00",Gujarat,N,18,"42,240.00",0.00,"3,801.60","3,801.60",0.00,03/03/2020,Yes,
24AECPH6789R1ZP,HASHMI TRADERS,346,R,25/02/2020,"107,216.00",Gujarat,N,18,"90,862.00",0.00,"8,177.58","8,177.58",0.00,03/03/2020,Yes,
24AESPS3881B1Z8,PRAKASH TUBES,2163,R,17/02/2020,"20,000.00",Gujarat,N,18,"16,949.18",0.00,"1,525.43","1,525.43",0.00,12/03/2020,Yes,
24AAACI5569D1ZQ,INOX AIR PRODUCTS PRIVATE LIMITED,GJ1901045750,R,02/03/2020,"3,495.16",Gujarat,N,18,"2,962.00",0.00,266.58,266.58,0.00,04/05/2020,Yes,
24AAACI5569D1ZQ,INOX AIR PRODUCTS PRIVATE LIMITED,GJ1901046221,R,05/03/2020,"47,218.88",Gujarat,N,12,"2,655.00",0.00,159.30,159.30,0.00,04/05/2020,Yes,
24AAACI5569D1ZQ,INOX AIR PRODUCTS PRIVATE LIMITED,GJ1901046221,R,05/03/2020,"47,218.88",Gujarat,N,18,"37,496.00",0.00,"3,374.64","3,374.64",0.00,04/05/2020,Yes,
24AAACI5569D1ZQ,INOX AIR PRODUCTS PRIVATE LIMITED,GJ1901046761,R,09/03/2020,"39,236.18",Gujarat,N,12,"2,655.00",0.00,159.30,159.30,0.00,04/05/2020,Yes,
24AAACI5569D1ZQ,INOX AIR PRODUCTS PRIVATE LIMITED,GJ1901046761,R,09/03/2020,"39,236.18",Gujarat,N,18,"30,731.00",0.00,"2,765.79","2,765.79",0.00,04/05/2020,Yes,
24AAACI5569D1ZQ,INOX AIR PRODUCTS PRIVATE LIMITED,GJ1901045923,R,03/03/2020,"27,377.18",Gujarat,N,12,"2,655.00",0.00,159.30,159.30,0.00,04/05/2020,Yes,
24AAACI5569D1ZQ,INOX AIR PRODUCTS PRIVATE LIMITED,GJ1901045923,R,03/03/2020,"27,377.18",Gujarat,N,18,"20,681.00",0.00,"1,861.29","1,861.29",0.00,04/05/2020,Yes,
24AADCR4658R1ZP,RANJIT BUILDCON  LIMITED,GJ/AS/67/19-20,R,02/03/2020,"226,560.00",Gujarat,N,18,"192,000.00",0.00,"17,280.00","17,280.00",0.00,28/07/2020,Yes,
24AADCR4658R1ZP,RANJIT BUILDCON  LIMITED,GJ/AS/68/19-20,R,06/03/2020,"215,232.00",Gujarat,N,18,"182,400.00",0.00,"16,416.00","16,416.00",0.00,28/07/2020,Yes,
24AADCR4658R1ZP,RANJIT BUILDCON  LIMITED,GJ/AS/70/19-20,R,12/03/2020,"195,408.00",Gujarat,N,18,"165,600.00",0.00,"14,904.00","14,904.00",0.00,28/07/2020,Yes,
24AAIFM1380P1ZY,MOHMAD SALIM AND BROTHERS,159/2019-20,R,04/03/2020,"149,920.00",Gujarat,N,18,"127,050.00",0.00,"11,434.50","11,434.50",0.00,22/06/2020,Yes,
24AAWFR0748J1ZP,ROHAN INFRASTRUCTURE,08,R,17/03/2020,"204,483.00",Gujarat,N,18,"171,835.00",0.00,"15,465.00","15,465.00",0.00,09/07/2020,Yes,
24ACCFS3173N1ZV,SHREEJI GAS CORPORATION,3072,R,31/03/2020,"3,540.00",Gujarat,N,18,"3,000.00",0.00,270.00,270.00,0.00,13/06/2020,Yes,
