Document,Page,Source,Record,Field,Value
Sample_Audit_Document_01.pdf,1,Table 1,1,Vendor Name,Shree Ganesh Engineering Works (Proprietorship)
Sample_Audit_Document_01.pdf,1,Table 1,2,Proprietor,Rakesh Kumar Sharma
Sample_Audit_Document_01.pdf,1,Table 1,3,Address,"Gala No. 7, Saki Naka Industrial Estate, Mumbai 400072"
Sample_Audit_Document_01.pdf,1,Table 1,4,PAN Number,ABCDE1234F
Sample_Audit_Document_01.pdf,1,Table 1,5,Aadhaar Number,9876 5432 1098
Sample_Audit_Document_01.pdf,1,Table 1,6,Mobile Number,+91 98472 63957
Sample_Audit_Document_01.pdf,1,Table 1,7,GSTIN,27ABCDE1234F1ZA
Sample_Audit_Document_01.pdf,1,Table 2,1,Bank & Branch,"HDFC Bank Ltd, Andheri East Branch"
Sample_Audit_Document_01.pdf,1,Table 2,2,Bank Account Number,204899677872027
Sample_Audit_Document_01.pdf,1,Table 2,3,IFSC Code,HDFC0622457
Sample_Audit_Document_01.pdf,1,Table 2,4,Account Type,Current Account
Sample_Audit_Document_01.pdf,1,Table 2,5,UTR / Payment Reference,754367309506
Sample_Audit_Document_01.pdf,1,Table 3,1,Invoice #,SGEW/INV/0363
Sample_Audit_Document_01.pdf,1,Table 3,1,Invoice Date,05-Sep-2026
Sample_Audit_Document_01.pdf,1,Table 3,1,Description,Fabrication of MS structural frames
Sample_Audit_Document_01.pdf,1,Table 3,1,Taxable Value (INR),"3,18,000.00"
Sample_Audit_Document_01.pdf,1,Table 3,2,Invoice #,SGEW/INV/0876
Sample_Audit_Document_01.pdf,1,Table 3,2,Invoice Date,17-Sep-2026
Sample_Audit_Document_01.pdf,1,Table 3,2,Description,Installation & commissioning charges
Sample_Audit_Document_01.pdf,1,Table 3,2,Taxable Value (INR),"32,000.00"
Sample_Audit_Document_01.pdf,1,Table 4,1,Component,Gross Taxable Value
Sample_Audit_Document_01.pdf,1,Table 4,1,Basis,As per invoices
Sample_Audit_Document_01.pdf,1,Table 4,1,Amount (INR),"3,50,000.00"
Sample_Audit_Document_01.pdf,1,Table 4,2,Component,Add: GST (CGST 9% + SGST 9%)
Sample_Audit_Document_01.pdf,1,Table 4,2,Basis,18% on taxable value
Sample_Audit_Document_01.pdf,1,Table 4,2,Amount (INR),"63,000.00"
Sample_Audit_Document_01.pdf,1,Table 4,3,Component,Invoice Total
Sample_Audit_Document_01.pdf,1,Table 4,3,Amount (INR),"4,13,000.00"
Sample_Audit_Document_01.pdf,1,Table 4,4,Component,Less: TDS u/s 194C
Sample_Audit_Document_01.pdf,1,Table 4,4,Basis,1% on taxable value
Sample_Audit_Document_01.pdf,1,Table 4,4,Amount (INR),"3,500.00"
Sample_Audit_Document_01.pdf,1,Table 4,5,Component,Payment Amount (Net Payable)
Sample_Audit_Document_01.pdf,1,Table 4,5,Amount (INR),"4,09,500.00"
Sample_Audit_Document_01.pdf,1,Table 5,1,Prepared by,Accounts Executive
Sample_Audit_Document_01.pdf,1,Table 5,1,Checked by,Finance Manager
Sample_Audit_Document_01.pdf,1,Table 5,1,Approved by,CFO
Sample_Audit_Document_01.pdf,1,Table 5,1,Received by,Vendor / Authorised Signatory
Sample_Audit_Document_01.pdf,1,Header / Narrative,,Voucher No,PV/2026-27/0907
Sample_Audit_Document_01.pdf,1,Header / Narrative,,Voucher Date,22-Sep-2026
Sample_Audit_Document_01.pdf,1,Header / Narrative,,Payment Mode,NEFT
Sample_Audit_Document_01.pdf,1,Header / Narrative,,Cost Centre,Plant-II
Sample_Audit_Document_01.pdf,1,Header / Narrative,,Amount in words,Rupees Four Lakh Nine Thousand Five Hundred Only
Sample_Audit_Document_01.pdf,1,Header / Narrative,,Narration,"Being payment released to Shree Ganesh Engineering Works (Proprietor Rakesh Kumar Sharma, PAN ABCDE1234F) against invoices SGEW/INV/0363 and SGEW/INV/0876, after deduction of TDS u/s 194C. Vendor KYC verified with Aadhaar 9876 5432 1098; payment advice sent to +91 98472 63957. Credited to A/c 204899677872027 (IFSC HDFC0622457)."
Sample_Audit_Document_02.pdf,1,Table 1,1,Vendor Name,Sai Krupa Logistics (Proprietorship)
Sample_Audit_Document_02.pdf,1,Table 1,2,Proprietor,Sunita Prakash Patil
Sample_Audit_Document_02.pdf,1,Table 1,3,Address,"Shop 12, Turbhe MIDC, Navi Mumbai 400705"
Sample_Audit_Document_02.pdf,1,Table 1,4,PAN Number,OMUPS3486A
Sample_Audit_Document_02.pdf,1,Table 1,5,Aadhaar Number,2947 9600 7129
Sample_Audit_Document_02.pdf,1,Table 1,6,Mobile Number,+91 81651 60308
Sample_Audit_Document_02.pdf,1,Table 1,7,GSTIN,27OMUPS3486A3Z8
Sample_Audit_Document_02.pdf,1,Table 2,1,Bank & Branch,"State Bank of India, Vashi Branch"
Sample_Audit_Document_02.pdf,1,Table 2,2,Bank Account Number,58813982458684
Sample_Audit_Document_02.pdf,1,Table 2,3,IFSC Code,SBIN0220607
Sample_Audit_Document_02.pdf,1,Table 2,4,Account Type,Current Account
Sample_Audit_Document_02.pdf,1,Table 2,5,UTR / Payment Reference,535452125946
Sample_Audit_Document_02.pdf,1,Table 3,1,Invoice #,SKL/INV/0958
Sample_Audit_Document_02.pdf,1,Table 3,1,Invoice Date,09-Sep-2026
Sample_Audit_Document_02.pdf,1,Table 3,1,Description,Transportation of raw material - Pune to Mumbai
Sample_Audit_Document_02.pdf,1,Table 3,1,Taxable Value (INR),"46,000.00"
Sample_Audit_Document_02.pdf,1,Table 3,2,Invoice #,SKL/INV/0572
Sample_Audit_Document_02.pdf,1,Table 3,2,Invoice Date,20-Sep-2026
Sample_Audit_Document_02.pdf,1,Table 3,2,Description,Loading & unloading charges
Sample_Audit_Document_02.pdf,1,Table 3,2,Taxable Value (INR),"37,500.00"
Sample_Audit_Document_02.pdf,1,Table 4,1,Component,Gross Taxable Value
Sample_Audit_Document_02.pdf,1,Table 4,1,Basis,As per invoices
Sample_Audit_Document_02.pdf,1,Table 4,1,Amount (INR),"83,500.00"
Sample_Audit_Document_02.pdf,1,Table 4,2,Component,Add: GST (CGST 9% + SGST 9%)
Sample_Audit_Document_02.pdf,1,Table 4,2,Basis,18% on taxable value
Sample_Audit_Document_02.pdf,1,Table 4,2,Amount (INR),"15,030.00"
Sample_Audit_Document_02.pdf,1,Table 4,3,Component,Invoice Total
Sample_Audit_Document_02.pdf,1,Table 4,3,Amount (INR),"98,530.00"
Sample_Audit_Document_02.pdf,1,Table 4,4,Component,Less: TDS u/s 194C
Sample_Audit_Document_02.pdf,1,Table 4,4,Basis,1% on taxable value
Sample_Audit_Document_02.pdf,1,Table 4,4,Amount (INR),835.00
Sample_Audit_Document_02.pdf,1,Table 4,5,Component,Payment Amount (Net Payable)
Sample_Audit_Document_02.pdf,1,Table 4,5,Amount (INR),"97,695.00"
Sample_Audit_Document_02.pdf,1,Table 5,1,Prepared by,Accounts Executive
Sample_Audit_Document_02.pdf,1,Table 5,1,Checked by,Finance Manager
Sample_Audit_Document_02.pdf,1,Table 5,1,Approved by,CFO
Sample_Audit_Document_02.pdf,1,Table 5,1,Received by,Vendor / Authorised Signatory
Sample_Audit_Document_02.pdf,1,Header / Narrative,,Voucher No,PV/2026-27/0914
Sample_Audit_Document_02.pdf,1,Header / Narrative,,Voucher Date,25-Sep-2026
Sample_Audit_Document_02.pdf,1,Header / Narrative,,Payment Mode,NEFT
Sample_Audit_Document_02.pdf,1,Header / Narrative,,Cost Centre,Plant-II
Sample_Audit_Document_02.pdf,1,Header / Narrative,,Amount in words,Rupees Ninety Seven Thousand Six Hundred Ninety Five Only
Sample_Audit_Document_02.pdf,1,Header / Narrative,,Narration,"Being payment released to Sai Krupa Logistics (Proprietor Sunita Prakash Patil, PAN OMUPS3486A) against invoices SKL/INV/0958 and SKL/INV/0572, after deduction of TDS u/s 194C. Vendor KYC verified with Aadhaar 2947 9600 7129; payment advice sent to +91 81651 60308. Credited to A/c 58813982458684 (IFSC SBIN0220607)."
Sample_Audit_Document_03.pdf,1,Table 1,1,Vendor Name,Techvista Solutions LLP (Partnership / LLP)
Sample_Audit_Document_03.pdf,1,Table 1,2,Authorised Signatory,Anand Venkatesh Iyer
Sample_Audit_Document_03.pdf,1,Table 1,3,Address,"4th Floor, Prestige Towers, MG Road, Bengaluru 560001"
Sample_Audit_Document_03.pdf,1,Table 1,4,PAN Number,EFJFT1127U
Sample_Audit_Document_03.pdf,1,Table 1,5,Aadhaar Number,9093 7568 4202
Sample_Audit_Document_03.pdf,1,Table 1,6,Mobile Number,+91 69526 58492
Sample_Audit_Document_03.pdf,1,Table 1,7,GSTIN,29EFJFT1127U1Z8
Sample_Audit_Document_03.pdf,1,Table 2,1,Bank & Branch,"ICICI Bank Ltd, MG Road Branch"
Sample_Audit_Document_03.pdf,1,Table 2,2,Bank Account Number,264272258107441
Sample_Audit_Document_03.pdf,1,Table 2,3,IFSC Code,ICIC0598678
Sample_Audit_Document_03.pdf,1,Table 2,4,Account Type,Current Account
Sample_Audit_Document_03.pdf,1,Table 2,5,UTR / Payment Reference,894251684251
Sample_Audit_Document_03.pdf,1,Table 3,1,Invoice #,TSL/INV/0378
Sample_Audit_Document_03.pdf,1,Table 3,1,Invoice Date,06-Sep-2026
Sample_Audit_Document_03.pdf,1,Table 3,1,Description,Annual maintenance of ERP servers
Sample_Audit_Document_03.pdf,1,Table 3,1,Taxable Value (INR),"70,000.00"
Sample_Audit_Document_03.pdf,1,Table 3,2,Invoice #,TSL/INV/0847
Sample_Audit_Document_03.pdf,1,Table 3,2,Invoice Date,08-Sep-2026
Sample_Audit_Document_03.pdf,1,Table 3,2,Description,On-site technical support (40 hours)
Sample_Audit_Document_03.pdf,1,Table 3,2,Taxable Value (INR),"39,500.00"
Sample_Audit_Document_03.pdf,1,Table 4,1,Component,Gross Taxable Value
Sample_Audit_Document_03.pdf,1,Table 4,1,Basis,As per invoices
Sample_Audit_Document_03.pdf,1,Table 4,1,Amount (INR),"1,09,500.00"
Sample_Audit_Document_03.pdf,1,Table 4,2,Component,Add: IGST 18%
Sample_Audit_Document_03.pdf,1,Table 4,2,Basis,18% on taxable value
Sample_Audit_Document_03.pdf,1,Table 4,2,Amount (INR),"19,710.00"
Sample_Audit_Document_03.pdf,1,Table 4,3,Component,Invoice Total
Sample_Audit_Document_03.pdf,1,Table 4,3,Amount (INR),"1,29,210.00"
Sample_Audit_Document_03.pdf,1,Table 4,4,Component,Less: TDS u/s 194J
Sample_Audit_Document_03.pdf,1,Table 4,4,Basis,2% on taxable value
Sample_Audit_Document_03.pdf,1,Table 4,4,Amount (INR),"2,190.00"
Sample_Audit_Document_03.pdf,1,Table 4,5,Component,Payment Amount (Net Payable)
Sample_Audit_Document_03.pdf,1,Table 4,5,Amount (INR),"1,27,020.00"
Sample_Audit_Document_03.pdf,1,Table 5,1,Prepared by,Accounts Executive
Sample_Audit_Document_03.pdf,1,Table 5,1,Checked by,Finance Manager
Sample_Audit_Document_03.pdf,1,Table 5,1,Approved by,CFO
Sample_Audit_Document_03.pdf,1,Table 5,1,Received by,Vendor / Authorised Signatory
Sample_Audit_Document_03.pdf,1,Header / Narrative,,Voucher No,PV/2026-27/0921
Sample_Audit_Document_03.pdf,1,Header / Narrative,,Voucher Date,13-Sep-2026
Sample_Audit_Document_03.pdf,1,Header / Narrative,,Payment Mode,NEFT
Sample_Audit_Document_03.pdf,1,Header / Narrative,,Cost Centre,Plant-II
Sample_Audit_Document_03.pdf,1,Header / Narrative,,Amount in words,Rupees One Lakh Twenty Seven Thousand Twenty Only
Sample_Audit_Document_03.pdf,1,Header / Narrative,,Narration,"Being payment released to Techvista Solutions LLP (Authorised Signatory Anand Venkatesh Iyer, PAN EFJFT1127U) against invoices TSL/INV/0378 and TSL/INV/0847, after deduction of TDS u/s 194J. Vendor KYC verified with Aadhaar 9093 7568 4202; payment advice sent to +91 69526 58492. Credited to A/c 264272258107441 (IFSC ICIC0598678)."
Sample_Audit_Document_04.pdf,1,Table 1,1,Vendor Name,Maruti Electricals (Proprietorship)
Sample_Audit_Document_04.pdf,1,Table 1,2,Proprietor,Harish Chandra Mehta
Sample_Audit_Document_04.pdf,1,Table 1,3,Address,"12, Lamington Road, Grant Road, Mumbai 400007"
Sample_Audit_Document_04.pdf,1,Table 1,4,PAN Number,JNBPM4698Q
Sample_Audit_Document_04.pdf,1,Table 1,5,Aadhaar Number,7941 8018 6193
Sample_Audit_Document_04.pdf,1,Table 1,6,Mobile Number,+91 85091 70839
Sample_Audit_Document_04.pdf,1,Table 1,7,GSTIN,27JNBPM4698Q1ZG
Sample_Audit_Document_04.pdf,1,Table 2,1,Bank & Branch,"Kotak Mahindra Bank, Grant Road Branch"
Sample_Audit_Document_04.pdf,1,Table 2,2,Bank Account Number,49043353923
Sample_Audit_Document_04.pdf,1,Table 2,3,IFSC Code,KKBK0192747
Sample_Audit_Document_04.pdf,1,Table 2,4,Account Type,Current Account
Sample_Audit_Document_04.pdf,1,Table 2,5,UTR / Payment Reference,486476763649
Sample_Audit_Document_04.pdf,1,Table 3,1,Invoice #,ME/INV/0627
Sample_Audit_Document_04.pdf,1,Table 3,1,Invoice Date,03-Sep-2026
Sample_Audit_Document_04.pdf,1,Table 3,1,Description,Supply & fitting of LED panels
Sample_Audit_Document_04.pdf,1,Table 3,1,Taxable Value (INR),"2,66,000.00"
Sample_Audit_Document_04.pdf,1,Table 3,2,Invoice #,ME/INV/0580
Sample_Audit_Document_04.pdf,1,Table 3,2,Invoice Date,10-Sep-2026
Sample_Audit_Document_04.pdf,1,Table 3,2,Description,Rewiring of production floor
Sample_Audit_Document_04.pdf,1,Table 3,2,Taxable Value (INR),"37,500.00"
Sample_Audit_Document_04.pdf,1,Table 4,1,Component,Gross Taxable Value
Sample_Audit_Document_04.pdf,1,Table 4,1,Basis,As per invoices
Sample_Audit_Document_04.pdf,1,Table 4,1,Amount (INR),"3,03,500.00"
Sample_Audit_Document_04.pdf,1,Table 4,2,Component,Add: GST (CGST 9% + SGST 9%)
Sample_Audit_Document_04.pdf,1,Table 4,2,Basis,18% on taxable value
Sample_Audit_Document_04.pdf,1,Table 4,2,Amount (INR),"54,630.00"
Sample_Audit_Document_04.pdf,1,Table 4,3,Component,Invoice Total
Sample_Audit_Document_04.pdf,1,Table 4,3,Amount (INR),"3,58,130.00"
Sample_Audit_Document_04.pdf,1,Table 4,4,Component,Less: TDS u/s 194C
Sample_Audit_Document_04.pdf,1,Table 4,4,Basis,1% on taxable value
Sample_Audit_Document_04.pdf,1,Table 4,4,Amount (INR),"3,035.00"
Sample_Audit_Document_04.pdf,1,Table 4,5,Component,Payment Amount (Net Payable)
Sample_Audit_Document_04.pdf,1,Table 4,5,Amount (INR),"3,55,095.00"
Sample_Audit_Document_04.pdf,1,Table 5,1,Prepared by,Accounts Executive
Sample_Audit_Document_04.pdf,1,Table 5,1,Checked by,Finance Manager
Sample_Audit_Document_04.pdf,1,Table 5,1,Approved by,CFO
Sample_Audit_Document_04.pdf,1,Table 5,1,Received by,Vendor / Authorised Signatory
Sample_Audit_Document_04.pdf,1,Header / Narrative,,Voucher No,PV/2026-27/0928
Sample_Audit_Document_04.pdf,1,Header / Narrative,,Voucher Date,15-Sep-2026
Sample_Audit_Document_04.pdf,1,Header / Narrative,,Payment Mode,NEFT
Sample_Audit_Document_04.pdf,1,Header / Narrative,,Cost Centre,Plant-II
Sample_Audit_Document_04.pdf,1,Header / Narrative,,Amount in words,Rupees Three Lakh Fifty Five Thousand Ninety Five Only
Sample_Audit_Document_04.pdf,1,Header / Narrative,,Narration,"Being payment released to Maruti Electricals (Proprietor Harish Chandra Mehta, PAN JNBPM4698Q) against invoices ME/INV/0627 and ME/INV/0580, after deduction of TDS u/s 194C. Vendor KYC verified with Aadhaar 7941 8018 6193; payment advice sent to +91 85091 70839. Credited to A/c 49043353923 (IFSC KKBK0192747)."
Sample_Audit_Document_05.pdf,1,Table 1,1,Vendor Name,Greenleaf Housekeeping Services Pvt Ltd (Private Limited Company)
Sample_Audit_Document_05.pdf,1,Table 1,2,Authorised Signatory,Priya Suresh Nair
Sample_Audit_Document_05.pdf,1,Table 1,3,Address,"Unit 3, Kohinoor City, Kurla (West), Mumbai 400070"
Sample_Audit_Document_05.pdf,1,Table 1,4,PAN Number,CLKCG9518Y
Sample_Audit_Document_05.pdf,1,Table 1,5,Aadhaar Number,8905 3538 5870
Sample_Audit_Document_05.pdf,1,Table 1,6,Mobile Number,+91 69506 98617
Sample_Audit_Document_05.pdf,1,Table 1,7,GSTIN,27CLKCG9518Y3Z9
Sample_Audit_Document_05.pdf,1,Table 2,1,Bank & Branch,"Axis Bank Ltd, BKC Branch"
Sample_Audit_Document_05.pdf,1,Table 2,2,Bank Account Number,9219359828329167
Sample_Audit_Document_05.pdf,1,Table 2,3,IFSC Code,UTIB0274491
Sample_Audit_Document_05.pdf,1,Table 2,4,Account Type,Current Account
Sample_Audit_Document_05.pdf,1,Table 2,5,UTR / Payment Reference,440433850254
Sample_Audit_Document_05.pdf,1,Table 3,1,Invoice #,GHSP/INV/0649
Sample_Audit_Document_05.pdf,1,Table 3,1,Invoice Date,07-Sep-2026
Sample_Audit_Document_05.pdf,1,Table 3,1,Description,Housekeeping services - September 2026
Sample_Audit_Document_05.pdf,1,Table 3,1,Taxable Value (INR),"2,41,000.00"
Sample_Audit_Document_05.pdf,1,Table 3,2,Invoice #,GHSP/INV/0513
Sample_Audit_Document_05.pdf,1,Table 3,2,Invoice Date,15-Sep-2026
Sample_Audit_Document_05.pdf,1,Table 3,2,Description,Pest control services
Sample_Audit_Document_05.pdf,1,Table 3,2,Taxable Value (INR),"27,000.00"
Sample_Audit_Document_05.pdf,1,Table 4,1,Component,Gross Taxable Value
Sample_Audit_Document_05.pdf,1,Table 4,1,Basis,As per invoices
Sample_Audit_Document_05.pdf,1,Table 4,1,Amount (INR),"2,68,000.00"
Sample_Audit_Document_05.pdf,1,Table 4,2,Component,Add: GST (CGST 9% + SGST 9%)
Sample_Audit_Document_05.pdf,1,Table 4,2,Basis,18% on taxable value
Sample_Audit_Document_05.pdf,1,Table 4,2,Amount (INR),"48,240.00"
Sample_Audit_Document_05.pdf,1,Table 4,3,Component,Invoice Total
Sample_Audit_Document_05.pdf,1,Table 4,3,Amount (INR),"3,16,240.00"
Sample_Audit_Document_05.pdf,1,Table 4,4,Component,Less: TDS u/s 194C
Sample_Audit_Document_05.pdf,1,Table 4,4,Basis,2% on taxable value
Sample_Audit_Document_05.pdf,1,Table 4,4,Amount (INR),"5,360.00"
Sample_Audit_Document_05.pdf,1,Table 4,5,Component,Payment Amount (Net Payable)
Sample_Audit_Document_05.pdf,1,Table 4,5,Amount (INR),"3,10,880.00"
Sample_Audit_Document_05.pdf,1,Table 5,1,Prepared by,Accounts Executive
Sample_Audit_Document_05.pdf,1,Table 5,1,Checked by,Finance Manager
Sample_Audit_Document_05.pdf,1,Table 5,1,Approved by,CFO
Sample_Audit_Document_05.pdf,1,Table 5,1,Received by,Vendor / Authorised Signatory
Sample_Audit_Document_05.pdf,1,Header / Narrative,,Voucher No,PV/2026-27/0935
Sample_Audit_Document_05.pdf,1,Header / Narrative,,Voucher Date,20-Sep-2026
Sample_Audit_Document_05.pdf,1,Header / Narrative,,Payment Mode,NEFT
Sample_Audit_Document_05.pdf,1,Header / Narrative,,Cost Centre,Plant-II
Sample_Audit_Document_05.pdf,1,Header / Narrative,,Amount in words,Rupees Three Lakh Ten Thousand Eight Hundred Eighty Only
Sample_Audit_Document_05.pdf,1,Header / Narrative,,Narration,"Being payment released to Greenleaf Housekeeping Services Pvt Ltd (Authorised Signatory Priya Suresh Nair, PAN CLKCG9518Y) against invoices GHSP/INV/0649 and GHSP/INV/0513, after deduction of TDS u/s 194C. Vendor KYC verified with Aadhaar 8905 3538 5870; payment advice sent to +91 69506 98617. Credited to A/c 9219359828329167 (IFSC UTIB0274491)."
Sample_Audit_Document_06.pdf,1,Table 1,1,Vendor Name,Bharat Packaging Industries (Partnership / LLP)
Sample_Audit_Document_06.pdf,1,Table 1,2,Authorised Signatory,Mohammed Irfan Shaikh
Sample_Audit_Document_06.pdf,1,Table 1,3,Address,"Plot 88, Bhiwandi Industrial Area, Thane 421302"
Sample_Audit_Document_06.pdf,1,Table 1,4,PAN Number,CECFB5112S
Sample_Audit_Document_06.pdf,1,Table 1,5,Aadhaar Number,6671 3251 4223
Sample_Audit_Document_06.pdf,1,Table 1,6,Mobile Number,+91 72237 52872
Sample_Audit_Document_06.pdf,1,Table 1,7,GSTIN,27CECFB5112S1Z6
Sample_Audit_Document_06.pdf,1,Table 2,1,Bank & Branch,"Bank of Baroda, Bhiwandi Branch"
Sample_Audit_Document_06.pdf,1,Table 2,2,Bank Account Number,889057084900
Sample_Audit_Document_06.pdf,1,Table 2,3,IFSC Code,BARB0130558
Sample_Audit_Document_06.pdf,1,Table 2,4,Account Type,Current Account
Sample_Audit_Document_06.pdf,1,Table 2,5,UTR / Payment Reference,493942791103
Sample_Audit_Document_06.pdf,1,Table 3,1,Invoice #,BPI/INV/0632
Sample_Audit_Document_06.pdf,1,Table 3,1,Invoice Date,04-Sep-2026
Sample_Audit_Document_06.pdf,1,Table 3,1,Description,Job work - printing & die cutting of cartons
Sample_Audit_Document_06.pdf,1,Table 3,1,Taxable Value (INR),"2,42,000.00"
Sample_Audit_Document_06.pdf,1,Table 3,2,Invoice #,BPI/INV/0935
Sample_Audit_Document_06.pdf,1,Table 3,2,Invoice Date,13-Sep-2026
Sample_Audit_Document_06.pdf,1,Table 3,2,Description,Lamination charges
Sample_Audit_Document_06.pdf,1,Table 3,2,Taxable Value (INR),"21,000.00"
Sample_Audit_Document_06.pdf,1,Table 4,1,Component,Gross Taxable Value
Sample_Audit_Document_06.pdf,1,Table 4,1,Basis,As per invoices
Sample_Audit_Document_06.pdf,1,Table 4,1,Amount (INR),"2,63,000.00"
Sample_Audit_Document_06.pdf,1,Table 4,2,Component,Add: GST (CGST 9% + SGST 9%)
Sample_Audit_Document_06.pdf,1,Table 4,2,Basis,18% on taxable value
Sample_Audit_Document_06.pdf,1,Table 4,2,Amount (INR),"47,340.00"
Sample_Audit_Document_06.pdf,1,Table 4,3,Component,Invoice Total
Sample_Audit_Document_06.pdf,1,Table 4,3,Amount (INR),"3,10,340.00"
Sample_Audit_Document_06.pdf,1,Table 4,4,Component,Less: TDS u/s 194C
Sample_Audit_Document_06.pdf,1,Table 4,4,Basis,2% on taxable value
Sample_Audit_Document_06.pdf,1,Table 4,4,Amount (INR),"5,260.00"
Sample_Audit_Document_06.pdf,1,Table 4,5,Component,Payment Amount (Net Payable)
Sample_Audit_Document_06.pdf,1,Table 4,5,Amount (INR),"3,05,080.00"
Sample_Audit_Document_06.pdf,1,Table 5,1,Prepared by,Accounts Executive
Sample_Audit_Document_06.pdf,1,Table 5,1,Checked by,Finance Manager
Sample_Audit_Document_06.pdf,1,Table 5,1,Approved by,CFO
Sample_Audit_Document_06.pdf,1,Table 5,1,Received by,Vendor / Authorised Signatory
Sample_Audit_Document_06.pdf,1,Header / Narrative,,Voucher No,PV/2026-27/0942
Sample_Audit_Document_06.pdf,1,Header / Narrative,,Voucher Date,18-Sep-2026
Sample_Audit_Document_06.pdf,1,Header / Narrative,,Payment Mode,NEFT
Sample_Audit_Document_06.pdf,1,Header / Narrative,,Cost Centre,Plant-II
Sample_Audit_Document_06.pdf,1,Header / Narrative,,Amount in words,Rupees Three Lakh Five Thousand Eighty Only
Sample_Audit_Document_06.pdf,1,Header / Narrative,,Narration,"Being payment released to Bharat Packaging Industries (Authorised Signatory Mohammed Irfan Shaikh, PAN CECFB5112S) against invoices BPI/INV/0632 and BPI/INV/0935, after deduction of TDS u/s 194C. Vendor KYC verified with Aadhaar 6671 3251 4223; payment advice sent to +91 72237 52872. Credited to A/c 889057084900 (IFSC BARB0130558)."
Sample_Audit_Document_07.pdf,1,Table 1,1,Vendor Name,Kaveri Civil Contractors (Proprietorship)
Sample_Audit_Document_07.pdf,1,Table 1,2,Proprietor,Suresh Babu Reddy
Sample_Audit_Document_07.pdf,1,Table 1,3,Address,"H.No. 4-12, Kukatpally, Hyderabad 500072"
Sample_Audit_Document_07.pdf,1,Table 1,4,PAN Number,OBFPK4836S
Sample_Audit_Document_07.pdf,1,Table 1,5,Aadhaar Number,7865 4511 0718
Sample_Audit_Document_07.pdf,1,Table 1,6,Mobile Number,+91 61218 55702
Sample_Audit_Document_07.pdf,1,Table 1,7,GSTIN,36OBFPK4836S1Z1
Sample_Audit_Document_07.pdf,1,Table 2,1,Bank & Branch,"Canara Bank, Kukatpally Branch"
Sample_Audit_Document_07.pdf,1,Table 2,2,Bank Account Number,493487688684471
Sample_Audit_Document_07.pdf,1,Table 2,3,IFSC Code,CNRB0964225
Sample_Audit_Document_07.pdf,1,Table 2,4,Account Type,Current Account
Sample_Audit_Document_07.pdf,1,Table 2,5,UTR / Payment Reference,423803601325
Sample_Audit_Document_07.pdf,1,Table 3,1,Invoice #,KCC/INV/0613
Sample_Audit_Document_07.pdf,1,Table 3,1,Invoice Date,11-Sep-2026
Sample_Audit_Document_07.pdf,1,Table 3,1,Description,Civil work - warehouse flooring
Sample_Audit_Document_07.pdf,1,Table 3,1,Taxable Value (INR),"2,34,000.00"
Sample_Audit_Document_07.pdf,1,Table 3,2,Invoice #,KCC/INV/0698
Sample_Audit_Document_07.pdf,1,Table 3,2,Invoice Date,16-Sep-2026
Sample_Audit_Document_07.pdf,1,Table 3,2,Description,Waterproofing of terrace
Sample_Audit_Document_07.pdf,1,Table 3,2,Taxable Value (INR),"53,000.00"
Sample_Audit_Document_07.pdf,1,Table 4,1,Component,Gross Taxable Value
Sample_Audit_Document_07.pdf,1,Table 4,1,Basis,As per invoices
Sample_Audit_Document_07.pdf,1,Table 4,1,Amount (INR),"2,87,000.00"
Sample_Audit_Document_07.pdf,1,Table 4,2,Component,Add: IGST 18%
Sample_Audit_Document_07.pdf,1,Table 4,2,Basis,18% on taxable value
Sample_Audit_Document_07.pdf,1,Table 4,2,Amount (INR),"51,660.00"
Sample_Audit_Document_07.pdf,1,Table 4,3,Component,Invoice Total
Sample_Audit_Document_07.pdf,1,Table 4,3,Amount (INR),"3,38,660.00"
Sample_Audit_Document_07.pdf,1,Table 4,4,Component,Less: TDS u/s 194C
Sample_Audit_Document_07.pdf,1,Table 4,4,Basis,1% on taxable value
Sample_Audit_Document_07.pdf,1,Table 4,4,Amount (INR),"2,870.00"
Sample_Audit_Document_07.pdf,1,Table 4,5,Component,Payment Amount (Net Payable)
Sample_Audit_Document_07.pdf,1,Table 4,5,Amount (INR),"3,35,790.00"
Sample_Audit_Document_07.pdf,1,Table 5,1,Prepared by,Accounts Executive
Sample_Audit_Document_07.pdf,1,Table 5,1,Checked by,Finance Manager
Sample_Audit_Document_07.pdf,1,Table 5,1,Approved by,CFO
Sample_Audit_Document_07.pdf,1,Table 5,1,Received by,Vendor / Authorised Signatory
Sample_Audit_Document_07.pdf,1,Header / Narrative,,Voucher No,PV/2026-27/0949
Sample_Audit_Document_07.pdf,1,Header / Narrative,,Voucher Date,21-Sep-2026
Sample_Audit_Document_07.pdf,1,Header / Narrative,,Payment Mode,NEFT
Sample_Audit_Document_07.pdf,1,Header / Narrative,,Cost Centre,Plant-II
Sample_Audit_Document_07.pdf,1,Header / Narrative,,Amount in words,Rupees Three Lakh Thirty Five Thousand Seven Hundred Ninety Only
Sample_Audit_Document_07.pdf,1,Header / Narrative,,Narration,"Being payment released to Kaveri Civil Contractors (Proprietor Suresh Babu Reddy, PAN OBFPK4836S) against invoices KCC/INV/0613 and KCC/INV/0698, after deduction of TDS u/s 194C. Vendor KYC verified with Aadhaar 7865 4511 0718; payment advice sent to +91 61218 55702. Credited to A/c 493487688684471 (IFSC CNRB0964225)."
Sample_Audit_Document_08.pdf,1,Table 1,1,Vendor Name,Apex Security Services Pvt Ltd (Private Limited Company)
Sample_Audit_Document_08.pdf,1,Table 1,2,Authorised Signatory,Vikram Singh Rathore
Sample_Audit_Document_08.pdf,1,Table 1,3,Address,"C-44, Sector 18, Noida 201301"
Sample_Audit_Document_08.pdf,1,Table 1,4,PAN Number,WEZCA3529T
Sample_Audit_Document_08.pdf,1,Table 1,5,Aadhaar Number,2596 7393 7588
Sample_Audit_Document_08.pdf,1,Table 1,6,Mobile Number,+91 82443 88201
Sample_Audit_Document_08.pdf,1,Table 1,7,GSTIN,09WEZCA3529T1ZP
Sample_Audit_Document_08.pdf,1,Table 2,1,Bank & Branch,"Punjab National Bank, Sector 18 Branch"
Sample_Audit_Document_08.pdf,1,Table 2,2,Bank Account Number,104580132996086
Sample_Audit_Document_08.pdf,1,Table 2,3,IFSC Code,PUNB0878886
Sample_Audit_Document_08.pdf,1,Table 2,4,Account Type,Current Account
Sample_Audit_Document_08.pdf,1,Table 2,5,UTR / Payment Reference,586775177946
Sample_Audit_Document_08.pdf,1,Table 3,1,Invoice #,ASSP/INV/0733
Sample_Audit_Document_08.pdf,1,Table 3,1,Invoice Date,03-Sep-2026
Sample_Audit_Document_08.pdf,1,Table 3,1,Description,Security guards - September 2026
Sample_Audit_Document_08.pdf,1,Table 3,1,Taxable Value (INR),"1,94,000.00"
Sample_Audit_Document_08.pdf,1,Table 3,2,Invoice #,ASSP/INV/0484
Sample_Audit_Document_08.pdf,1,Table 3,2,Invoice Date,14-Sep-2026
Sample_Audit_Document_08.pdf,1,Table 3,2,Description,Supervisor & patrolling charges
Sample_Audit_Document_08.pdf,1,Table 3,2,Taxable Value (INR),"51,000.00"
Sample_Audit_Document_08.pdf,1,Table 4,1,Component,Gross Taxable Value
Sample_Audit_Document_08.pdf,1,Table 4,1,Basis,As per invoices
Sample_Audit_Document_08.pdf,1,Table 4,1,Amount (INR),"2,45,000.00"
Sample_Audit_Document_08.pdf,1,Table 4,2,Component,Add: IGST 18%
Sample_Audit_Document_08.pdf,1,Table 4,2,Basis,18% on taxable value
Sample_Audit_Document_08.pdf,1,Table 4,2,Amount (INR),"44,100.00"
Sample_Audit_Document_08.pdf,1,Table 4,3,Component,Invoice Total
Sample_Audit_Document_08.pdf,1,Table 4,3,Amount (INR),"2,89,100.00"
Sample_Audit_Document_08.pdf,1,Table 4,4,Component,Less: TDS u/s 194C
Sample_Audit_Document_08.pdf,1,Table 4,4,Basis,2% on taxable value
Sample_Audit_Document_08.pdf,1,Table 4,4,Amount (INR),"4,900.00"
Sample_Audit_Document_08.pdf,1,Table 4,5,Component,Payment Amount (Net Payable)
Sample_Audit_Document_08.pdf,1,Table 4,5,Amount (INR),"2,84,200.00"
Sample_Audit_Document_08.pdf,1,Table 5,1,Prepared by,Accounts Executive
Sample_Audit_Document_08.pdf,1,Table 5,1,Checked by,Finance Manager
Sample_Audit_Document_08.pdf,1,Table 5,1,Approved by,CFO
Sample_Audit_Document_08.pdf,1,Table 5,1,Received by,Vendor / Authorised Signatory
Sample_Audit_Document_08.pdf,1,Header / Narrative,,Voucher No,PV/2026-27/0956
Sample_Audit_Document_08.pdf,1,Header / Narrative,,Voucher Date,19-Sep-2026
Sample_Audit_Document_08.pdf,1,Header / Narrative,,Payment Mode,NEFT
Sample_Audit_Document_08.pdf,1,Header / Narrative,,Cost Centre,Plant-II
Sample_Audit_Document_08.pdf,1,Header / Narrative,,Amount in words,Rupees Two Lakh Eighty Four Thousand Two Hundred Only
Sample_Audit_Document_08.pdf,1,Header / Narrative,,Narration,"Being payment released to Apex Security Services Pvt Ltd (Authorised Signatory Vikram Singh Rathore, PAN WEZCA3529T) against invoices ASSP/INV/0733 and ASSP/INV/0484, after deduction of TDS u/s 194C. Vendor KYC verified with Aadhaar 2596 7393 7588; payment advice sent to +91 82443 88201. Credited to A/c 104580132996086 (IFSC PUNB0878886)."
Sample_Audit_Document_09.pdf,1,Table 1,1,Vendor Name,Nandini Catering Co. (Proprietorship)
Sample_Audit_Document_09.pdf,1,Table 1,2,Proprietor,Lakshmi Narayanan
Sample_Audit_Document_09.pdf,1,Table 1,3,Address,"22, Anna Salai, Chennai 600002"
Sample_Audit_Document_09.pdf,1,Table 1,4,PAN Number,VLTPN1909H
Sample_Audit_Document_09.pdf,1,Table 1,5,Aadhaar Number,5399 9543 9634
Sample_Audit_Document_09.pdf,1,Table 1,6,Mobile Number,+91 78492 82973
Sample_Audit_Document_09.pdf,1,Table 1,7,GSTIN,33VLTPN1909H1ZL
Sample_Audit_Document_09.pdf,1,Table 2,1,Bank & Branch,"Indian Bank, Anna Salai Branch"
Sample_Audit_Document_09.pdf,1,Table 2,2,Bank Account Number,93506685208
Sample_Audit_Document_09.pdf,1,Table 2,3,IFSC Code,IDIB0749967
Sample_Audit_Document_09.pdf,1,Table 2,4,Account Type,Current Account
Sample_Audit_Document_09.pdf,1,Table 2,5,UTR / Payment Reference,074684161956
Sample_Audit_Document_09.pdf,1,Table 3,1,Invoice #,NCC/INV/0232
Sample_Audit_Document_09.pdf,1,Table 3,1,Invoice Date,13-Sep-2026
Sample_Audit_Document_09.pdf,1,Table 3,1,Description,Canteen services - September 2026
Sample_Audit_Document_09.pdf,1,Table 3,1,Taxable Value (INR),"3,69,000.00"
Sample_Audit_Document_09.pdf,1,Table 3,2,Invoice #,NCC/INV/0275
Sample_Audit_Document_09.pdf,1,Table 3,2,Invoice Date,14-Sep-2026
Sample_Audit_Document_09.pdf,1,Table 3,2,Description,Festival lunch arrangement
Sample_Audit_Document_09.pdf,1,Table 3,2,Taxable Value (INR),"47,500.00"
Sample_Audit_Document_09.pdf,1,Table 4,1,Component,Gross Taxable Value
Sample_Audit_Document_09.pdf,1,Table 4,1,Basis,As per invoices
Sample_Audit_Document_09.pdf,1,Table 4,1,Amount (INR),"4,16,500.00"
Sample_Audit_Document_09.pdf,1,Table 4,2,Component,Add: IGST 18%
Sample_Audit_Document_09.pdf,1,Table 4,2,Basis,18% on taxable value
Sample_Audit_Document_09.pdf,1,Table 4,2,Amount (INR),"74,970.00"
Sample_Audit_Document_09.pdf,1,Table 4,3,Component,Invoice Total
Sample_Audit_Document_09.pdf,1,Table 4,3,Amount (INR),"4,91,470.00"
Sample_Audit_Document_09.pdf,1,Table 4,4,Component,Less: TDS u/s 194C
Sample_Audit_Document_09.pdf,1,Table 4,4,Basis,1% on taxable value
Sample_Audit_Document_09.pdf,1,Table 4,4,Amount (INR),"4,165.00"
Sample_Audit_Document_09.pdf,1,Table 4,5,Component,Payment Amount (Net Payable)
Sample_Audit_Document_09.pdf,1,Table 4,5,Amount (INR),"4,87,305.00"
Sample_Audit_Document_09.pdf,1,Table 5,1,Prepared by,Accounts Executive
Sample_Audit_Document_09.pdf,1,Table 5,1,Checked by,Finance Manager
Sample_Audit_Document_09.pdf,1,Table 5,1,Approved by,CFO
Sample_Audit_Document_09.pdf,1,Table 5,1,Received by,Vendor / Authorised Signatory
Sample_Audit_Document_09.pdf,1,Header / Narrative,,Voucher No,PV/2026-27/0963
Sample_Audit_Document_09.pdf,1,Header / Narrative,,Voucher Date,19-Sep-2026
Sample_Audit_Document_09.pdf,1,Header / Narrative,,Payment Mode,NEFT
Sample_Audit_Document_09.pdf,1,Header / Narrative,,Cost Centre,Plant-II
Sample_Audit_Document_09.pdf,1,Header / Narrative,,Amount in words,Rupees Four Lakh Eighty Seven Thousand Three Hundred Five Only
Sample_Audit_Document_09.pdf,1,Header / Narrative,,Narration,"Being payment released to Nandini Catering Co. (Proprietor Lakshmi Narayanan, PAN VLTPN1909H) against invoices NCC/INV/0232 and NCC/INV/0275, after deduction of TDS u/s 194C. Vendor KYC verified with Aadhaar 5399 9543 9634; payment advice sent to +91 78492 82973. Credited to A/c 93506685208 (IFSC IDIB0749967)."
Sample_Audit_Document_10.pdf,1,Table 1,1,Vendor Name,Orbit IT Hardware (Partnership / LLP)
Sample_Audit_Document_10.pdf,1,Table 1,2,Authorised Signatory,Deepak Kumar Gupta
Sample_Audit_Document_10.pdf,1,Table 1,3,Address,"Shop 21, Nehru Place, New Delhi 110019"
Sample_Audit_Document_10.pdf,1,Table 1,4,PAN Number,XOCFO8641Y
Sample_Audit_Document_10.pdf,1,Table 1,5,Aadhaar Number,7855 0085 4466
Sample_Audit_Document_10.pdf,1,Table 1,6,Mobile Number,+91 82995 80360
Sample_Audit_Document_10.pdf,1,Table 1,7,GSTIN,07XOCFO8641Y2ZS
Sample_Audit_Document_10.pdf,1,Table 2,1,Bank & Branch,"IDFC FIRST Bank, Nehru Place Branch"
Sample_Audit_Document_10.pdf,1,Table 2,2,Bank Account Number,947423369374
Sample_Audit_Document_10.pdf,1,Table 2,3,IFSC Code,IDFB0689600
Sample_Audit_Document_10.pdf,1,Table 2,4,Account Type,Current Account
Sample_Audit_Document_10.pdf,1,Table 2,5,UTR / Payment Reference,423765592519
Sample_Audit_Document_10.pdf,1,Table 3,1,Invoice #,OIH/INV/0147
Sample_Audit_Document_10.pdf,1,Table 3,1,Invoice Date,07-Sep-2026
Sample_Audit_Document_10.pdf,1,Table 3,1,Description,Laptops - 5 nos
Sample_Audit_Document_10.pdf,1,Table 3,1,Taxable Value (INR),"2,64,000.00"
Sample_Audit_Document_10.pdf,1,Table 3,2,Invoice #,OIH/INV/0533
Sample_Audit_Document_10.pdf,1,Table 3,2,Invoice Date,11-Sep-2026
Sample_Audit_Document_10.pdf,1,Table 3,2,Description,Networking switches & cabling
Sample_Audit_Document_10.pdf,1,Table 3,2,Taxable Value (INR),"25,000.00"
Sample_Audit_Document_10.pdf,1,Table 4,1,Component,Gross Taxable Value
Sample_Audit_Document_10.pdf,1,Table 4,1,Basis,As per invoices
Sample_Audit_Document_10.pdf,1,Table 4,1,Amount (INR),"2,89,000.00"
Sample_Audit_Document_10.pdf,1,Table 4,2,Component,Add: IGST 18%
Sample_Audit_Document_10.pdf,1,Table 4,2,Basis,18% on taxable value
Sample_Audit_Document_10.pdf,1,Table 4,2,Amount (INR),"52,020.00"
Sample_Audit_Document_10.pdf,1,Table 4,3,Component,Invoice Total
Sample_Audit_Document_10.pdf,1,Table 4,3,Amount (INR),"3,41,020.00"
Sample_Audit_Document_10.pdf,1,Table 4,4,Component,Less: TDS
Sample_Audit_Document_10.pdf,1,Table 4,4,Basis,N/A - purchase of goods
Sample_Audit_Document_10.pdf,1,Table 4,4,Amount (INR),0.00
Sample_Audit_Document_10.pdf,1,Table 4,5,Component,Payment Amount (Net Payable)
Sample_Audit_Document_10.pdf,1,Table 4,5,Amount (INR),"3,41,020.00"
Sample_Audit_Document_10.pdf,1,Table 5,1,Prepared by,Accounts Executive
Sample_Audit_Document_10.pdf,1,Table 5,1,Checked by,Finance Manager
Sample_Audit_Document_10.pdf,1,Table 5,1,Approved by,CFO
Sample_Audit_Document_10.pdf,1,Table 5,1,Received by,Vendor / Authorised Signatory
Sample_Audit_Document_10.pdf,1,Header / Narrative,,Voucher No,PV/2026-27/0970
Sample_Audit_Document_10.pdf,1,Header / Narrative,,Voucher Date,16-Sep-2026
Sample_Audit_Document_10.pdf,1,Header / Narrative,,Payment Mode,NEFT
Sample_Audit_Document_10.pdf,1,Header / Narrative,,Cost Centre,Plant-II
Sample_Audit_Document_10.pdf,1,Header / Narrative,,Amount in words,Rupees Three Lakh Forty One Thousand Twenty Only
Sample_Audit_Document_10.pdf,1,Header / Narrative,,Narration,"Being payment released to Orbit IT Hardware (Authorised Signatory Deepak Kumar Gupta, PAN XOCFO8641Y) against invoices OIH/INV/0147 and OIH/INV/0533, no TDS applicable. Vendor KYC verified with Aadhaar 7855 0085 4466; payment advice sent to +91 82995 80360. Credited to A/c 947423369374 (IFSC IDFB0689600)."
