Role,Flight Class,Hotel Category,Hotel Max per Night (INR),Food DA per Day (INR),Local Conveyance per Day (INR)
Managing Director,Business,5 Star,15000,3000,2000
Business Head,Premium Economy,5 Star,10000,2500,1500
HR Head,Economy,4 Star,7000,2000,1200
Finance Manager,Economy,4 Star,7000,2000,1200
Operations Manager,Economy,4 Star,6500,1800,1000
Sales Manager,Economy,4 Star,6000,1500,1000
Admin,Economy,4 Star,6000,1500,1000
Sales Executive,Economy,3 Star,4000,1000,800
Accountant,Economy,3 Star,4000,1000,800
Travel Assistant,Economy,3 Star,4000,1000,800
Employee,Economy,3 Star,3500,900,600
