file,scheme_id,month,url,zip_member,zip_sha256,downloaded_at,bytes,sha256
S05_2026-07.xlsx,S05,2026-07,https://amc.ppfas.com/downloads/portfolio-disclosure/2026/PPFCF_PPFAS_Monthly_Portfolio_Report_July_31_2026.xlsx?07082026,,,2026-09-25T00:04:08,98381,d20d9c86c2d276a1747d6d49ae23c782fbf47f328aeedcd55a1777f006b3f831
S05_2026-08.xlsx,S05,2026-08,https://amc.ppfas.com/downloads/portfolio-disclosure/2026/PPFCF_PPFAS_Monthly_Portfolio_Report_August_31_2026.xlsx?10092026,,,2026-09-25T00:04:08,99032,6110807c81bad1adba23f1846e4e2e3ebdaa6f17469b4cbbb270594d27ef611f
S04_2026-08.xlsx,S04,2026-08,https://files.hdfcfund.com/s3fs-public/2026-09/Monthly%20HDFC%20Flexi%20Cap%20Fund%20-%2031%20August%202026.xlsx,,,2026-09-25T00:05:54,730405,d1fc201003fe02fd740cef7b8f0436226b9211a5a659c62b530019c27db6b1fc
S08_2026-08.xlsx,S08,2026-08,https://files.hdfcfund.com/s3fs-public/2026-09/Monthly%20HDFC%20Mid%20Cap%20Fund%20-%2031%20August%202026.xlsx,,,2026-09-25T00:05:56,156050,767a0a0025e82d8f74df9f31159f51bbc233b4085a1b7ae30f6e965db3574ea0
S04_2026-07.xlsx,S04,2026-07,https://files.hdfcfund.com/s3fs-public/2026-08/Monthly%20HDFC%20Flexi%20Cap%20Fund%20-%2031%20July%202026.xlsx,,,2026-09-25T00:05:57,754402,0ab4fd3000675be362444fd0547afa64b67e61c220b5ff36064dc05e0a36f24a
S08_2026-07.xlsx,S08,2026-07,https://files.hdfcfund.com/s3fs-public/2026-08/Monthly%20HDFC%20Mid%20Cap%20Fund%20-%2031%20July%202026.xlsx,,,2026-09-25T00:05:57,156124,6defcb283a0859526a689138791112d5e236656c6e70a21689fbed1d3068e16b
S01_2026-08.xlsx,S01,2026-08,https://www.icicipruamc.com/blob/downloads/Files/Monthly Portfolio Disclosures/2026/Aug/Monthly-Portfolio-Disclosure-August-2026.zip,ICICI Prudential Large Cap Fund.xlsx,345db37f8c8e38b497091f3a9a3580bb77e7803944cad03098a1605938c3c9eb,2026-09-25T00:08:28,206205,c2636dc801fb19dc4664bc64ca32a8a06204996b06dedf71c8a79513af32145a
S11_2026-08.xlsx,S11,2026-08,https://www.icicipruamc.com/blob/downloads/Files/Monthly Portfolio Disclosures/2026/Aug/Monthly-Portfolio-Disclosure-August-2026.zip,ICICI Prudential Aggressive Hybrid Fund.xlsx,345db37f8c8e38b497091f3a9a3580bb77e7803944cad03098a1605938c3c9eb,2026-09-25T00:08:28,224400,09fc15fc8d2fdbf3b67b43834b9c3f01848ea5eea5411d3298fd746f6b1745bf
S01_2026-07.xlsx,S01,2026-07,https://www.icicipruamc.com/blob/downloads/Files/Monthly Portfolio Disclosures/2026/July/Monthly-Portfolio-Disclosure-July-2026.zip,ICICI Prudential Large Cap Fund.xlsx,fcfe2f11e922eac7bcb9d871d4b7087344b056aaa2607e975e6ddfb250c61c8d,2026-09-25T00:08:46,204517,f0e66a9316ef4768670643b0d7d348f2212ccab2548cc375909d99da785a2a3a
S11_2026-07.xlsx,S11,2026-07,https://www.icicipruamc.com/blob/downloads/Files/Monthly Portfolio Disclosures/2026/July/Monthly-Portfolio-Disclosure-July-2026.zip,ICICI Prudential Equity & Debt Fund.xlsx,fcfe2f11e922eac7bcb9d871d4b7087344b056aaa2607e975e6ddfb250c61c8d,2026-09-25T00:09:48,224362,234eb5f818627e755eefdb48becbac9639d791e340055d3120d41aa63ef3bf8c
NIPPON_2026-08.xls,NIPPON,2026-08,https://mf.nipponindiaim.com/InvestorServices/FactsheetsDocuments/NIMF-MONTHLY-PORTFOLIO-31-Aug-26.xls,,,2026-09-25T00:10:29,1391011,46f1f9e9d6ba7b63006f3b59feb9a487c5beb02e198d5df946d381c3754adf45
NIPPON_2026-07.xls,NIPPON,2026-07,https://mf.nipponindiaim.com/InvestorServices/FactsheetsDocuments/NIMF-MONTHLY-PORTFOLIO-31-July-26.xls,,,2026-09-25T00:10:29,1355264,d4eb6f8c197cba0f271714c451e16e078dbe1249cc270fc20d00cc8f1dbbd597
S10_2026-08.xlsx,S10,2026-08,https://www.miraeassetmf.co.in/docs/default-source/portfolios/matsf_aug2026.xlsx,,,2026-09-25T00:13:06,364270,1799050b4295df6f54167fd0c0d5a9f3b536606881fa8ad0f59d7c59092f6fdd
S10_2026-07.xlsx,S10,2026-07,https://www.miraeassetmf.co.in/docs/default-source/portfolios/matsf-july2026.xlsx,,,2026-09-25T00:13:06,365264,060ad2b68c871badb2902091c2f5254e2db9f59739f08ac4a48c27635953ba4d
SBI_2026-08.xlsx,SBI,2026-08,https://www.sbimf.com/docs/default-source/scheme-portfolios/all-schemes-monthly-portfolio---as-on-31st-august-2026.xlsx?sfvrsn=a7fdc2ec_2,,,2026-09-25T00:14:50,2636876,e962a9d3c1478a8f857071cc20c7afcac742d23665bfc203996adb747588ba43
SBI_2026-07.xlsx,SBI,2026-07,https://www.sbimf.com/docs/default-source/scheme-portfolios/all-schemes-monthly-portfolio---as-on-31st-july-2026.xlsx?sfvrsn=94250cc6_2,,,2026-09-25T00:14:51,2638783,24af65ff42c6ef2c0ef2876f68d6108f4f97a0c4007fb0a4c8046fd0393c1af7
MOTILAL_2026-08.xlsx,MOTILAL,2026-08,https://www.motilaloswalmf.com/content/dam/motilal-mf/downloads/mf/month-end-portfolio/2026/sep/Copy%20of%20Scheme%20Portfolio%20Details%20Aug%202026.xlsx,,,2026-09-25T00:15:38,2185852,26da8c876e5c2e296bd808e239c1f2c323c514c9d5efc5bc493ba9c62b765df8
MOTILAL_2026-07.xlsx,MOTILAL,2026-07,https://www.motilaloswalmf.com/content/dam/motilal-mf/downloads/mf/month-end-portfolio/2026/aug/Monthly%20Portfolio%2031-07-2026-Final.xlsx,,,2026-09-25T00:15:38,2169613,33007be4cb04424c2f44177cf038068bf5cecbc552afae84c7671e6cbfd62531
UTI_2026-07.xlsx,UTI,2026-07,https://d3ce1o48hc5oli.cloudfront.net/s3fs-public/2026-08/fw_uti_mf_scheme_portfolios_31.07.2026.zip?VersionId=0YOO81aEKLNeoGrkyasPFrk7OMuekOTl,Sebi Exposure as on 31 Jul 2026_final.xlsx,d9e12caf12bec6fe9c690cb7770afd7915c0abb05756c12ea504da7fe56e1e55,2026-09-28T11:21:40,292277,0ec62db005f408a3cdd7dc4ad47e68ba39b7a65638e285c9ab5246dbdd87142b
UTI_2026-08.xlsx,UTI,2026-08,https://d3ce1o48hc5oli.cloudfront.net/s3fs-public/2026-09/fw_uti_mf_scheme_portfolios_31.08.2026_revised_final.zip?VersionId=EhSzHSoKCBkh0BsN76FmUi65sUKxPLs9,Sebi Exposure as on 31 Aug 2026_final_REVISED.xlsx,8e938ad0ab0fd14f315dc8f8657e718e13170039cdb36aec9864c5c5d8ee90b4,2026-09-28T11:21:40,329181,bc3e8ed96a0fdf477387da8efbacc29820c265c699e864d7bfaef0a9c5838555
S06_2026-08.xlsx,S06,2026-08,manual download by the user from https://www.kotakmf.com/Information/portfolios (saved as 'SEF.xlsx'),,,2026-09-28T11:52:09,164216,1781000df18842bd9f49953acbef8000a713fd9d5370b86f64606aa584fdbd83
S06_2026-07.xlsx,S06,2026-07,manual download by the user from https://www.kotakmf.com/Information/portfolios (saved as 'SEF (2).xlsx'),,,2026-09-28T11:55:51,164406,ca920356019900ef1ebd166ee78ec1daadc761b12be14bde993f269b70441bc0
