Date,Particulars,Voucher Type,Supplier Invoice No.,Supplier Invoice Date,GSTIN/UIN,GST Purchase,SGST,CGST,Invoice value (â‚,
12-Jun-19,Avdhoot Project Pvt.Ltd,Purchase,10,12-Jun-19,24AAPCA4577Q1ZU,"110,170.00","9,915.30","9,915.30","130,000.00",
24-Feb-20,Chetan Engineers (GUJARAT),Purchase,005,24-Feb-20,24AABFC2262P1ZG,"160,230.00","14,420.70","14,420.70","190,670.00",
22-Feb-20,Hasmi Traders,Purchase,342,22-Feb-20,24AECPH6789R1ZP,"46,310.00","4,167.90","4,167.90","54,646.00",
24-Feb-20,Hasmi Traders,Purchase,345,24-Feb-20,24AECPH6789R1ZP,"40,040.00","3,603.60","3,603.60","47,248.00",
24-Feb-20,Hasmi Traders,Purchase,344,24-Feb-20,24AECPH6789R1ZP,"42,240.00","3,801.60","3,801.60","49,844.00",
25-Feb-20,Hasmi Traders,Purchase,346,25-Feb-20,24AECPH6789R1ZP,"90,862.00","8,177.58","8,177.58","107,216.00",
08-Apr-19,INOX Air Products Pvt.Ltd,Purchase,GJ1901003499,08-Apr-19,24AAACI5569D1ZQ,"1,210.00",108.90,108.90,"1,427.80",
26-Apr-19,INOX Air Products Pvt.Ltd,Purchase,GJ1901000932,26-Apr-19,24AAACI5569D1ZQ,"1,580.00",142.20,142.20,"1,864.40",
03-May-19,INOX Air Products Pvt.Ltd,Purchase,GJ1901004482,03-May-19,24AAACI5569D1ZQ,"1,261.00",113.49,113.49,"1,487.98",
10-May-19,INOX Air Products Pvt.Ltd,Purchase,GJ1901005475,10-May-19,24AAACI5569D1ZQ,"1,395.00",125.55,125.55,"1,646.10",
01-Jun-19,INOX Air Products Pvt.Ltd,Purchase,GJ1901009024,01-Jun-19,24AAACI5569D1ZQ,"91,488.00","8,233.92","8,233.92","107,955.84",
05-Jun-19,INOX Air Products Pvt.Ltd,Purchase,GJ1901008460,05-Jun-19,24AAACI5569D1ZQ,"1,244.00",111.96,111.96,"1,467.92",
01-Aug-19,INOX Air Products Pvt.Ltd,Purchase,GJ1901017132,01-Aug-19,24AAACI5569D1ZQ,"78,794.00","7,091.46","7,091.46","92,976.92",
14-Aug-19,INOX Air Products Pvt.Ltd,Purchase,GJ1901019567,14-Aug-19,24AAACI5569D1ZQ,"2,861.00",257.49,257.49,"3,375.98",
20-Aug-19,INOX Air Products Pvt.Ltd,Purchase,GJ1901019884,20-Aug-19,24AAACI5569D1ZQ,"49,286.00","4,435.74","4,435.74","58,157.48",
22-Aug-19,INOX Air Products Pvt.Ltd,Purchase,GJ1901018937,22-Aug-19,24AAACI5569D1ZQ,"46,084.00","4,147.56","4,147.56","54,379.12",
23-Aug-19,INOX Air Products Pvt.Ltd,Purchase,GJ1901020081,23-Aug-19,24AAACI5569D1ZQ,"4,487.00",403.83,403.83,"5,294.66",
02-Oct-19,INOX Air Products Pvt.Ltd,Purchase,GJ1901025514,02-Oct-19,24AAACI5569D1ZQ,"3,151.00",283.59,283.59,"3,718.18",
07-Oct-19,INOX Air Products Pvt.Ltd,Purchase,GJ1901026735,07-Oct-19,24AAACI5569D1ZQ,"35,773.00","3,219.57","3,219.57","42,212.14",
11-Oct-19,INOX Air Products Pvt.Ltd,Purchase,GJ1901026192,11-Oct-19,24AAACI5569D1ZQ,"3,214.00",289.26,289.26,"3,792.52",
03-Dec-19,INOX Air Products Pvt.Ltd,Purchase,GJ1901031628,03-Dec-19,24AAACI5569D1ZQ,"17,748.00","1,597.32","1,597.32","20,942.64",
21-Dec-19,INOX Air Products Pvt.Ltd,Purchase,GJ1901033541,21-Dec-19,24AAACI5569D1ZQ,"40,672.00","3,660.48","3,660.48","47,992.96",
21-Dec-19,INOX Air Products Pvt.Ltd,Purchase,GJ1901036127,21-Dec-19,24AAACI5569D1ZQ,"53,571.00","4,821.39","4,821.39","63,213.78",
25-Dec-19,INOX Air Products Pvt.Ltd,Purchase,GJ1901036041,25-Dec-19,24AAACI5569D1ZQ,"63,708.00","5,733.72","5,733.72","75,175.44",
20-Jan-20,INOX Air Products Pvt.Ltd,Purchase,GJ1901036629,20-Jan-20,24AAACI5569D1ZQ,"55,575.00","5,001.75","5,001.75","65,578.50",
23-Jan-20,INOX Air Products Pvt.Ltd,Purchase,GJ1901038007,04-Jan-20,24AAACI5569D1ZQ,"48,630.00","4,376.70","4,376.70","57,383.40",
31-Jan-20,INOX Air Products Pvt.Ltd,Purchase,GJ1901041572,31-Jan-20,24AAACI5569D1ZQ,"39,177.00","3,525.93","3,525.93","46,228.86",
01-Feb-20,INOX Air Products Pvt.Ltd,Purchase,GJ1901040485,04-Jan-20,24AAACI5569D1ZQ,"31,865.00","2,867.85","2,867.85","37,600.70",
04-Feb-20,INOX Air Products Pvt.Ltd,Purchase,GJ1901040027,04-Feb-20,24AAACI5569D1ZQ,"7,487.00",673.83,673.83,"8,834.66",
11-Feb-20,INOX Air Products Pvt.Ltd,Purchase,GJ1901045232,11-Feb-20,24AAACI5569D1ZQ,"2,269.00",204.21,204.21,"2,677.42",
11-Feb-20,INOX Air Products Pvt.Ltd,Purchase,GJ1901045375,11-Feb-20,24AAACI5569D1ZQ,"1,891.00",170.19,170.19,"2,231.38",
25-Feb-20,INOX Air Products Pvt.Ltd,Purchase,GJ1901043036,25-Feb-20,24AAACI5569D1ZQ,"44,622.00","4,015.98","4,015.98","52,653.96",
01-Mar-20,INOX Air Products Pvt.Ltd,Purchase,GJ1901043047,28-Feb-20,24AAACI5569D1ZQ,"27,076.00","2,436.84","2,436.84","31,949.68",
01-Mar-20,INOX Air Products Pvt.Ltd,Purchase,GJ1901042073,19-Nov-19,24AAACI5569D1ZQ,"8,849.00",796.41,796.41,"10,441.82",
01-Mar-20,INOX Air Products Pvt.Ltd,Purchase,GJ1901044958,11-Feb-20,24AAACI5569D1ZQ,"4,361.00",392.49,392.49,"5,145.98",
01-Mar-20,INOX Air Products Pvt.Ltd,Purchase,GJ1901045750,27-Feb-20,24AAACI5569D1ZQ,"2,962.00",266.58,266.58,"3,495.16",
02-Mar-20,INOX Air Products Pvt.Ltd,Purchase,GJ1901046221,02-Mar-20,24AAACI5569D1ZQ,"2,655.00",159.30,159.30,"47,218.88",
03-Mar-20,INOX Air Products Pvt.Ltd,Purchase,GJ1901046221,03-Mar-20,24AAACI5569D1ZQ,"37,496.00","3,374.64","3,374.64","47,218.88",
05-Mar-20,INOX Air Products Pvt.Ltd,Purchase,GJ1901046761,05-Mar-20,24AAACI5569D1ZQ,"2,655.00",159.30,159.30,"39,236.18",
09-Mar-20,INOX Air Products Pvt.Ltd,Purchase,GJ1901046761,09-Mar-20,24AAACI5569D1ZQ,"30,731.00","2,765.79","2,765.79","39,236.18",
01-Mar-20,J B DIGITRONIC,Purchase,GJ1901045923,20-Feb-20,24AACCJ3016E1Z7,"2,655.00",0.00,159.30,"27,377.18",
01-Mar-20,J J COMPUTER,Purchase,GJ1901045923,01-Mar-20,24BPVPP2678J1Z2,"20,681.00",0.00,"1,861.29","27,377.18",
01-Jan-20,JAY BAJRANG TYRE SALES & SERVICE,Purchase,2597,08-Nov-19,24AASPA8001H1Z0,"10,781.26","1,509.38","1,509.38","13,800.02",
20-Jul-19,KHAN TRADERS,Purchase,62,20-Jul-19,24EUXPK2184N1ZR,"98,540.00","8,868.60","8,868.60","116,277.00",
31-Jul-19,Laxmi Enterprise,Purchase,16,31-Jul-19,24CTXPP8345M1ZL,"329,682.50","29,671.43","29,671.43","389,025.36",
04-Mar-20,Mohammad Salim & Brothers,Purchase,159,04-Mar-20,24AAIFM1380P1ZY,"127,050.00","11,434.50","11,434.50","149,920.00",
01-Mar-20,PRAKASH TUBES,Purchase,2163,17-Feb-20,"24AESPS3881B1Z8
","16,949.18","1,525.43","1,525.43","20,000.00",
21-Apr-19,Ramera Buildcon Pvt.Ltd,Purchase,4,21-Apr-19,24AAGCR7994F1ZY,"144,900.00","13,041.00","13,041.00","170,982.00",
21-Apr-19,Ramera Buildcon Pvt.Ltd,Purchase,5,21-Apr-19,24AAGCR7994F1ZY,"202,400.00","18,216.00","18,216.00","238,832.00",
27-Apr-19,Ramera Buildcon Pvt.Ltd,Purchase,7,27-Apr-19,24AAGCR7994F1ZY,"172,500.00","15,525.00","15,525.00","203,550.00",
01-Jun-19,Ramera Buildcon Pvt.Ltd,Purchase,11,01-Jun-19,24AAGCR7994F1ZY,"171,600.00","15,444.00","15,444.00","202,488.00",
03-Jun-19,Ramera Buildcon Pvt.Ltd,Purchase,13,03-Jun-19,24AAGCR7994F1ZY,"175,200.00","15,768.00","15,768.00","206,736.00",
05-Jun-19,Ramera Buildcon Pvt.Ltd,Purchase,16,05-Jun-19,24AAGCR7994F1ZY,"167,400.00","15,066.00","15,066.00","197,532.00",
03-Apr-19,Ranjit Buildcon Limited,Purchase,02,03-Apr-19,24AADCR4658R1ZP,"229,289.50","20,636.06","20,636.06",270561.62,
18-Apr-19,Ranjit Buildcon Limited,Purchase,11,18-Apr-19,24AADCR4658R1ZP,"190,514.50","17,146.31","17,146.31",224807.12,
01-May-19,Ranjit Buildcon Limited,Purchase,14,01-May-19,24AADCR4658R1ZP,"141,141.00","12,702.69","12,702.69",166546.38,
22-Jul-19,Ranjit Buildcon Limited,Purchase,20,22-Jul-19,24AADCR4658R1ZP,"198,900.00","17,901.00","17,901.00",234702,
05-Sep-19,Ranjit Buildcon Limited,Purchase,23,05-Sep-19,24AADCR4658R1ZP,"144,900.00","13,041.00","13,041.00",170982,
06-Sep-19,Ranjit Buildcon Limited,Purchase,25,06-Sep-19,24AADCR4658R1ZP,"203,550.00","18,319.50","18,319.50",240189,
11-Sep-19,Ranjit Buildcon Limited,Purchase,26,11-Sep-19,24AADCR4658R1ZP,"116,840.00","10,515.60","10,515.60",137871.2,
26-Sep-19,Ranjit Buildcon Limited,Purchase,GJ/AS/20/19-20,26-Sep-19,24AADCR4658R1ZP,"143,750.00","12,937.50","12,937.50",169625,
01-Oct-19,Ranjit Buildcon Limited,Purchase,24/19-20,01-Oct-19,24AADCR4658R1ZP,"298,220.00","26,839.80","26,839.80",351899.6,
01-Oct-19,Ranjit Buildcon Limited,Purchase,28/19-20,01-Oct-19,24AADCR4658R1ZP,"62,790.00","5,651.10","5,651.10",74092.2,
17-Oct-19,Ranjit Buildcon Limited,Purchase,31/19-20,17-Oct-19,24AADCR4658R1ZP,"117,520.00","10,576.80","10,576.80",138673.6,
18-Oct-19,Ranjit Buildcon Limited,Purchase,32/19-20,18-Oct-19,24AADCR4658R1ZP,"180,780.00","16,270.20","16,270.20",213320.4,
24-Oct-19,Ranjit Buildcon Limited,Purchase,33/19-20,24-Oct-19,24AADCR4658R1ZP,"164,220.00","14,779.80","14,779.80",193779.6,
07-Nov-19,Ranjit Buildcon Limited,Purchase,35,07-Nov-19,24AADCR4658R1ZP,"167,210.00","15,048.90","15,048.90",197307.8,
11-Nov-19,Ranjit Buildcon Limited,Purchase,36/19-20,11-Nov-19,24AADCR4658R1ZP,"171,350.00","15,421.50","15,421.50",202193,
25-Nov-19,Ranjit Buildcon Limited,Purchase,GJ/AS/42/19-20,25-Nov-19,24AADCR4658R1ZP,"375,000.00","33,750.00","33,750.00",442500,
16-Jan-20,Ranjit Buildcon Limited,Purchase,GJ/AS/61/19-20,16-Jan-20,24AADCR4658R1ZP,"224,640.00","20,217.60","20,217.60",265075.2,
29-Jan-20,Ranjit Buildcon Limited,Purchase,GJ/AS/63/19-20,29-Jan-20,24AADCR4658R1ZP,"204,000.00","18,360.00","18,360.00",240720,
01-Feb-20,Ranjit Buildcon Limited,Purchase,GJ/AS/43/19-20,27-Nov-19,24AADCR4658R1ZP,"122,820.00","11,053.80","11,053.80",144927.6,
01-Feb-20,Ranjit Buildcon Limited,Purchase,GJ/AS/44/19-20,27-Nov-19,24AADCR4658R1ZP,"178,020.00","16,021.80","16,021.80",210063.6,
01-Feb-20,Ranjit Buildcon Limited,Purchase,GJ/AS/59/19-20,10-Jan-20,24AADCR4658R1ZP,"170,160.00","15,314.40","15,314.40",200788.8,
03-Feb-20,Ranjit Buildcon Limited,Purchase,GJ/AS/64/19-20,03-Feb-20,24AADCR4658R1ZP,"170,640.00","15,357.60","15,357.60",201355.2,
02-Mar-20,Ranjit Buildcon Limited,Purchase,67,02-Mar-20,24AADCR4658R1ZP,"192,000.00","17,280.00","17,280.00",226560,
06-Mar-20,Ranjit Buildcon Limited,Purchase,68,06-Mar-20,24AADCR4658R1ZP,"182,400.00","16,416.00","16,416.00",215232,
12-Mar-20,Ranjit Buildcon Limited,Purchase,GJ/AS/70/19-20,12-Mar-20,24AADCR4658R1ZP,"165,600.00","14,904.00","14,904.00",195408,
26-Aug-19,Rinku Techhnicals,Purchase,005,26-Aug-19,24GOKPS5136F1ZP,"177,135.00","15,942.15","15,942.15",209019.3,
19-Jul-19,ROHAN INFRASTRUCTURE,Purchase,02,19-Jul-19,24AAWFR0748J1ZP,"143,520.00","12,916.80","12,916.80",169353.6,
01-Nov-19,ROHAN INFRASTRUCTURE,Purchase,04/19-20,22-Oct-19,24AAWFR0748J1ZP,"133,100.00","11,979.00","11,979.00",157058,
17-Dec-19,ROHAN INFRASTRUCTURE,Purchase,05,17-Dec-19,24AAWFR0748J1ZP,"154,790.00","13,931.10","13,931.10",182652.2,
14-Feb-20,ROHAN INFRASTRUCTURE,Purchase,07,14-Feb-20,24AAWFR0748J1ZP,"133,515.00","12,016.35","12,016.35",157547.7,
17-Mar-20,ROHAN INFRASTRUCTURE,Purchase,08,17-Mar-20,24AAWFR0748J1ZP,"171,835.00","15,465.15","15,465.15",202765.3,
15-Apr-19,Shreeji Gas Corporation,Purchase,101,15-Apr-19,24ACCFS3173N1ZV,"1,800.00",162.00,162.00,2124,
30-Apr-19,Shreeji Gas Corporation,Purchase,213,30-Apr-19,24ACCFS3173N1ZV,"2,550.00",229.50,229.50,3009,
01-Jul-19,Shreeji Gas Corporation,Purchase,444,31-May-19,24ACCFS3173N1ZV,"6,900.00",621.00,621.00,8142,
17-Jul-19,Shreeji Gas Corporation,Purchase,813,17-Jul-19,24ACCFS3173N1ZV,"4,050.00",364.50,364.50,4779,
01-Aug-19,Shreeji Gas Corporation,Purchase,940,01-Aug-19,24ACCFS3173N1ZV,"2,850.00",256.50,256.50,3363,
16-Aug-19,Shreeji Gas Corporation,Purchase,1066,16-Aug-19,24ACCFS3173N1ZV,"1,350.00",121.50,121.50,1593,
01-Nov-19,Shreeji Gas Corporation,Purchase,324,15-May-19,24ACCFS3173N1ZV,"5,850.00",526.50,526.50,6903,
01-Nov-19,Shreeji Gas Corporation,Purchase,563,17-Jun-19,24ACCFS3173N1ZV,"2,400.00",216.00,216.00,2832,
01-Nov-19,Shreeji Gas Corporation,Purchase,680,30-Jun-19,24ACCFS3173N1ZV,"4,050.00",364.50,364.50,4779,
01-Nov-19,Shreeji Gas Corporation,Purchase,1192,31-Aug-19,24ACCFS3173N1ZV,"2,100.00",189.00,189.00,2478,
01-Nov-19,Shreeji Gas Corporation,Purchase,1413,30-Sep-19,24ACCFS3173N1ZV,"1,350.00",121.50,121.50,1593,
01-Nov-19,Shreeji Gas Corporation,Purchase,1589,20-Oct-19,24ACCFS3173N1ZV,"2,700.00",243.00,243.00,3186,
01-Nov-19,Shreeji Gas Corporation,Purchase,1688,31-Oct-19,24ACCFS3173N1ZV,300.00,27.00,27.00,354,
15-Dec-19,Shreeji Gas Corporation,Purchase,2116,15-Dec-19,24ACCFS3173N1ZV,"3,450.00",310.50,310.50,4071,
31-Dec-19,Shreeji Gas Corporation,Purchase,2271,31-Dec-19,24ACCFS3173N1ZV,"3,450.00",310.50,310.50,4071,
01-Feb-20,Shreeji Gas Corporation,Purchase,1851,20-Nov-19,24ACCFS3173N1ZV,"4,500.00",405.00,405.00,5310,
01-Feb-20,Shreeji Gas Corporation,Purchase,1959,30-Nov-19,24ACCFS3173N1ZV,600.00,54.00,54.00,708,
01-Mar-20,Shreeji Gas Corporation,Purchase,2417,15-Jan-20,24ACCFS3173N1ZV,"2,100.00",189.00,189.00,2478,
01-Mar-20,Shreeji Gas Corporation,Purchase,2593,31-Jan-20,24ACCFS3173N1ZV,"1,350.00",121.50,121.50,1593,
01-Mar-20,Shreeji Gas Corporation,Purchase,2870,29-Feb-20,24ACCFS3173N1ZV,"4,500.00",405.00,405.00,5310,
31-Mar-20,Shreeji Gas Corporation,Purchase,3072,31-Mar-20,24ACCFS3173N1ZV,"3,000.00",270.00,270.00,3540,
10-May-19,SUPER IMPEX,Purchase,18,10-May-19,24FUKPK8803G1ZG,"308,625.00","27,776.25","27,776.25",364177.5,
17-May-19,SUPER IMPEX,Purchase,20,17-May-19,24FUKPK8803G1ZG,"312,250.00","28,102.50","28,102.50",368455,
27-May-19,SUPER IMPEX,Purchase,23,27-May-19,24FUKPK8803G1ZG,"296,875.00","26,718.75","26,718.75",350312.5,
13-Nov-19,SUPER IMPEX,Purchase,104,13-Nov-19,24FUKPK8803G1ZG,"69,900.00","6,291.00","6,291.00",82482,
25-Apr-19,Unique Construction,Purchase,17,25-Apr-19,24AABFU1297N1ZT,"229,770.00","20,679.30","20,679.30",271128.6,
26-Apr-19,Unique Construction,Purchase,19,26-Apr-19,24AABFU1297N1ZT,"250,884.00","22,579.56","22,579.56",296043.12,
27-Apr-19,Unique Construction,Purchase,22,27-Apr-19,24AABFU1297N1ZT,"228,275.00","20,544.75","20,544.75",269364.5,
29-Apr-19,Unique Construction,Purchase,23,29-Apr-19,24AABFU1297N1ZT,"120,060.00","10,805.40","10,805.40",141670.8,
01-Aug-19,Unique Construction,Purchase,55,29-May-19,24AABFU1297N1ZT,"228,850.00","20,596.50","20,596.50",270043,
01-Aug-19,Unique Construction,Purchase,57,30-May-19,24AABFU1297N1ZT,"198,950.00","17,905.50","17,905.50",234761,
01-Aug-19,Unique Construction,Purchase,59,31-May-19,24AABFU1297N1ZT,"229,770.00","20,679.30","20,679.30",271128.6,
01-Aug-19,Unique Construction,Purchase,199,01-Aug-19,24AABFU1297N1ZT,"217,350.00","19,561.50","19,561.50",256473,
04-Aug-19,Unique Construction,Purchase,201,04-Aug-19,24AABFU1297N1ZT,"219,030.00","19,712.70","19,712.70",258455.4,
