ref_no,emp_code,employee,role,department,trip_type,from_city,to_city,depart_date,return_date,days,purpose,client_name,est_flight,est_hotel,est_food,est_local,est_misc,est_total,approved_amount,advance_paid,airline,flight_no,pnr,flight_class,ticket_cost,hotel_name,hotel_category,hotel_nights,hotel_rate,hotel_cost,claim_total,claim_approved,net_payable,voucher_no,payment_mode,payment_ref,payment_date,lead_days,stage,submitted_at
TR-2026-0001,SM001,Arjun Kapoor,Sales Manager,Sales,Domestic,Pune,Hyderabad,2026-06-30,2026-07-01,2,Collection follow-up and client visit,L&T,5665,6000,3000,2000,1000,17665,17665,0,IndiGo,6E 524,DB571D,Economy,5963,Holiday Inn Hyderabad,4 Star,1,5973,5973,3731,3731,3731,JV/TR/001,NEFT,UTR508436,2026-07-27,17,PAID,2026-06-13T14:55:29.402Z
TR-2026-0002,SM002,Deepa Menon,Sales Manager,Sales,Domestic,Delhi,Chennai,2026-07-17,2026-07-18,2,New dealer onboarding and training,Asian Paints,3898,6000,3000,2000,1000,15898,15898,0,SpiceJet,SG 459,75B163,Economy,4103,Holiday Inn Chennai,4 Star,1,5111,5111,3659,3659,3659,JV/TR/002,NEFT,UTR519741,2026-07-28,31,PAID,2026-06-16T14:55:29.402Z
TR-2025-0003,SE001,Rahul Verma,Sales Executive,Sales,Domestic,Hyderabad,Mumbai,2025-11-26,2025-11-28,3,Product demo for enterprise prospect,Infosys,5645,8000,3000,2400,1000,20045,20045,0,Air India,AI 501,8F631B,Economy,5942,Ginger Hotel Mumbai,3 Star,2,3840,7680,5026,5026,5026,JV/TR/003,NEFT,UTR637865,2025-12-03,24,PAID,2025-11-02T14:55:29.402Z
TR-2026-0004,SE002,Sneha Joshi,Sales Executive,Sales,Domestic,Delhi,Chennai,2026-06-28,2026-06-30,3,New dealer onboarding and training,Infosys,4052,8000,3000,2400,1000,18452,18452,0,Air India Express,IX 300,A3FC4A,Economy,4265,Lemon Tree Chennai,3 Star,2,4185,8370,8535,8535,8535,JV/TR/004,NEFT,UTR409815,2026-07-10,33,PAID,2026-05-26T14:55:29.402Z
TR-2026-0005,SE003,Imran Khan,Sales Executive,Sales,Domestic,Delhi,Jaipur,2026-02-13,2026-02-16,4,Trade exhibition participation,Reliance Retail,10784,12000,4000,3200,1000,30984,30984,0,,,,,,,,,,,,,,,,,,6,CANCELLED,2026-02-07T14:55:29.402Z
TR-2026-0006,SE004,Pooja Reddy,Sales Executive,Sales,International,Mumbai,Dubai,2026-06-29,2026-07-01,3,Annual contract negotiation,Tata Motors,31655,8000,3000,2400,1000,46055,46055,0,Akasa Air,QP 777,A65C6C,Economy,33321,Lemon Tree Dubai,3 Star,2,3605,7210,10822,10822,10822,JV/TR/006,NEFT,UTR597902,2026-07-11,37,PAID,2026-05-23T14:55:29.402Z
TR-2026-0007,OM001,Manoj Pillai,Operations Manager,Operations,Domestic,Mumbai,Delhi,2026-01-25,2026-01-27,3,Annual contract negotiation,,5138,13000,5400,3000,1000,27538,27538,0,Akasa Air,QP 122,8F8DB9,Economy,5408,Novotel Delhi,4 Star,2,6550,13100,7576,7576,7576,JV/TR/007,NEFT,UTR865492,2026-02-05,15,PAID,2026-01-10T14:55:29.402Z
TR-2026-0008,BH001,Priya Nair,Business Head,Sales,Domestic,Mumbai,Bengaluru,2026-04-18,2026-04-19,2,Annual contract negotiation,Wipro,9185,10000,5000,3000,1000,28185,28185,0,Air India Express,IX 829,96BBFB,Premium Economy,9668,Taj Hotel Bengaluru,5 Star,1,9527,9527,6141,6141,6141,JV/TR/008,NEFT,UTR572999,2026-04-28,3,PAID,2026-04-15T14:55:29.402Z
TR-2026-0009,BH002,Vikram Singh,Business Head,Sales,Domestic,Mumbai,Delhi,2026-01-07,2026-01-09,3,Collection follow-up and client visit,Tata Motors,9068,20000,7500,4500,1000,42068,42068,5000,Air India Express,IX 883,36A1AA,Premium Economy,9545,ITC Grand Delhi,5 Star,2,7953,15906,9839,9839,4839,JV/TR/009,NEFT,UTR962131,2026-01-18,2,PAID,2026-01-05T14:55:29.402Z
TR-2026-0010,SE001,Rahul Verma,Sales Executive,Sales,International,Mumbai,Dubai,2026-02-28,2026-03-03,4,Product demo for enterprise prospect,,51292,12000,4000,3200,1000,71492,71492,5000,IndiGo,6E 776,8A4948,Economy,53992,Treebo Trend Dubai,3 Star,3,3841,11523,18181,18181,13181,JV/TR/010,NEFT,UTR389538,2026-03-29,9,PAID,2026-02-19T14:55:29.402Z
TR-2026-0011,SE003,Imran Khan,Sales Executive,Sales,Domestic,Bengaluru,Delhi,2026-01-26,2026-01-28,3,New dealer onboarding and training,Infosys,4514,8000,3000,2400,1000,18914,18914,5000,IndiGo,6E 647,7736A7,Economy,4752,Treebo Trend Delhi,3 Star,2,3975,7950,7819,7819,2819,JV/TR/011,NEFT,UTR345359,2026-02-06,18,PAID,2026-01-08T14:55:29.402Z
TR-2026-0012,SM001,Arjun Kapoor,Sales Manager,Sales,Domestic,Bengaluru,Delhi,2026-07-20,2026-07-23,4,New dealer onboarding and training,L&T,7738,18000,6000,4000,1000,36738,36738,0,IndiGo,6E 883,7C533A,Economy,8145,Radisson Delhi,4 Star,3,5826,17478,8889,8889,8889,JV/TR/012,NEFT,UTR450144,2026-07-28,9,PAID,2026-07-11T14:55:29.402Z
TR-2025-0013,SM002,Deepa Menon,Sales Manager,Sales,Domestic,Mumbai,Goa,2025-11-24,2025-11-26,3,Collection follow-up and client visit,Asian Paints,5263,12000,4500,3000,1000,25763,25763,5000,Air India Express,IX 296,71BA06,Economy,5540,Holiday Inn Goa,4 Star,2,5085,10170,9277,9277,4277,JV/TR/013,NEFT,UTR735672,2025-12-03,22,PAID,2025-11-02T14:55:29.402Z
TR-2026-0014,SE001,Rahul Verma,Sales Executive,Sales,International,Mumbai,Dubai,2026-07-25,2026-07-28,4,Annual contract negotiation,Infosys,61438,12000,4000,3200,1000,81638,81638,5000,IndiGo,6E 802,021294,Economy,64672,ITC Grand Dubai,5 Star,3,3674,11022,17474,17474,12474,JV/TR/014,NEFT,UTR384438,2026-08-06,6,PAID,2026-07-19T14:55:29.402Z
TR-2026-0015,SE002,Sneha Joshi,Sales Executive,Sales,Domestic,Mumbai,Goa,2026-07-25,2026-07-26,2,Trade exhibition participation,Tata Motors,5962,4000,2000,1600,1000,14562,14562,0,Air India Express,IX 954,87CE09,Economy,6276,Ginger Hotel Goa,3 Star,1,3687,3687,3046,3046,3046,JV/TR/015,NEFT,UTR658734,2026-08-02,28,PAID,2026-06-27T14:55:29.402Z
TR-2026-0016,SE003,Imran Khan,Sales Executive,Sales,Domestic,Mumbai,Delhi,2026-01-08,2026-01-11,4,Trade exhibition participation,Wipro,4726,12000,4000,3200,1000,24926,24926,5000,IndiGo,6E 918,6FFB86,Economy,4975,Treebo Trend Delhi,3 Star,3,4146,12438,7916,7547,2547,JV/TR/016,NEFT,UTR396617,2026-01-20,45,PAID,2025-11-24T14:55:29.402Z
TR-2025-0017,SE004,Pooja Reddy,Sales Executive,Sales,Domestic,Delhi,Kolkata,2025-11-24,2025-11-26,3,Trade exhibition participation,L&T,5190,8000,3000,2400,1000,19590,19590,5000,Akasa Air,QP 375,388DEE,Economy,5463,Taj Hotel Kolkata,5 Star,2,3366,6732,4081,4081,-919,JV/TR/017,NEFT,UTR161352,2025-12-04,23,PAID,2025-11-01T14:55:29.402Z
TR-2026-0018,OM001,Manoj Pillai,Operations Manager,Operations,Domestic,Mumbai,Goa,2026-09-16,2026-09-18,3,Annual contract negotiation,L&T,9396,13000,5400,3000,1000,31796,31796,5000,Akasa Air,QP 837,C28742,Economy,9891,Novotel Goa,4 Star,2,5744,11488,,,,,,,,5,BOOKED,2026-09-11T14:55:29.402Z
TR-2026-0019,BH001,Priya Nair,Business Head,Sales,Domestic,Delhi,Chennai,2026-08-24,2026-08-26,3,Annual contract negotiation,Infosys,5009,20000,7500,4500,1000,38009,38009,0,Air India Express,IX 694,14E9BF,Premium Economy,5273,JW Marriott Chennai,5 Star,2,9301,18602,9194,9194,9194,JV/TR/019,NEFT,UTR517682,2026-09-21,39,PAID,2026-07-16T14:55:29.402Z
TR-2026-0020,BH002,Vikram Singh,Business Head,Sales,Domestic,Bengaluru,Delhi,2026-07-15,2026-07-18,4,Trade exhibition participation,Tata Motors,10582,30000,10000,6000,1000,57582,57582,0,Air India Express,IX 403,540943,Premium Economy,11139,ITC Grand Delhi,5 Star,3,9887,29661,16334,16334,16334,JV/TR/020,NEFT,UTR229107,2026-07-27,3,PAID,2026-07-12T14:55:29.402Z
TR-2026-0021,SE001,Rahul Verma,Sales Executive,Sales,Domestic,Mumbai,Delhi,2026-04-25,2026-04-26,2,Quarterly business review with key account,Reliance Retail,4790,4000,2000,1600,1000,13390,13390,5000,Akasa Air,QP 134,476328,Economy,5042,Lemon Tree Delhi,3 Star,1,3050,3050,2429,2429,-2571,JV/TR/021,NEFT,UTR177124,2026-05-02,28,PAID,2026-03-28T14:55:29.402Z
TR-2026-0022,SE003,Imran Khan,Sales Executive,Sales,Domestic,Pune,Hyderabad,2026-09-14,2026-09-17,4,Quarterly business review with key account,Reliance Retail,8807,12000,4000,3200,1000,29007,29007,0,Akasa Air,QP 112,4758D6,Economy,9271,Lemon Tree Hyderabad,3 Star,3,3745,11235,,,,,,,,1,BOOKED,2026-09-13T14:55:29.402Z
TR-2026-0023,SM001,Arjun Kapoor,Sales Manager,Sales,Domestic,Mumbai,Delhi,2026-07-03,2026-07-06,4,Trade exhibition participation,Reliance Retail,5074,18000,6000,4000,1000,34074,34074,0,Akasa Air,QP 429,C2A633,Economy,5341,Radisson Delhi,4 Star,3,5008,15024,12723,12723,12723,JV/TR/023,NEFT,UTR819333,2026-07-12,37,PAID,2026-05-27T14:55:29.402Z
TR-2026-0024,SM002,Deepa Menon,Sales Manager,Sales,Domestic,Delhi,Kolkata,2026-08-30,2026-09-01,3,Trade exhibition participation,,5467,12000,4500,3000,1000,25967,25967,0,Akasa Air,QP 931,B0FC59,Economy,5755,Holiday Inn Kolkata,4 Star,2,6078,12156,8799,8326,8326,JV/TR/024,NEFT,UTR419782,2026-09-07,14,PAID,2026-08-16T14:55:29.402Z
TR-2025-0025,SE001,Rahul Verma,Sales Executive,Sales,Domestic,Mumbai,Goa,2025-11-29,2025-12-01,3,Regional sales team meeting,,5216,8000,3000,2400,1000,19616,19616,0,Air India Express,IX 447,97006F,Economy,5490,Lemon Tree Goa,3 Star,2,3834,7668,8177,7311,7311,JV/TR/025,NEFT,UTR935531,2025-12-11,21,PAID,2025-11-08T14:55:29.402Z
TR-2026-0026,SE002,Sneha Joshi,Sales Executive,Sales,Domestic,Mumbai,Bengaluru,2026-02-18,2026-02-19,2,Annual contract negotiation,,4054,4000,2000,1600,1000,12654,12654,0,SpiceJet,SG 244,09F808,Economy,4267,Treebo Trend Bengaluru,3 Star,1,3624,3624,5372,4804,4804,JV/TR/026,NEFT,UTR166344,2026-02-26,42,PAID,2026-01-07T14:55:29.402Z
TR-2026-0027,SE003,Imran Khan,Sales Executive,Sales,Domestic,Bengaluru,Delhi,2026-04-08,2026-04-09,2,New dealer onboarding and training,Infosys,4412,4000,2000,1600,1000,13012,13012,0,,,,,,,,,,,,,,,,,,40,CANCELLED,2026-02-27T14:55:29.402Z
TR-2025-0028,SE004,Pooja Reddy,Sales Executive,Sales,International,Mumbai,Dubai,2025-11-06,2025-11-10,5,Collection follow-up and client visit,Reliance Retail,37345,16000,5000,4000,1000,63345,63345,5000,Air India,AI 390,18D9A1,Economy,39311,JW Marriott Dubai,5 Star,4,5666,22664,14928,14928,9928,JV/TR/028,NEFT,UTR998408,2025-12-06,37,PAID,2025-09-30T14:55:29.402Z
TR-2026-0029,OM001,Manoj Pillai,Operations Manager,Operations,Domestic,Pune,Hyderabad,2026-04-04,2026-04-06,3,Quarterly business review with key account,,5119,13000,5400,3000,1000,27519,27519,0,Akasa Air,QP 690,C96855,Economy,5388,Radisson Hyderabad,4 Star,2,5223,10446,10572,10572,10572,JV/TR/029,NEFT,UTR189499,2026-04-15,23,PAID,2026-03-12T14:55:29.402Z
TR-2026-0030,BH001,Priya Nair,Business Head,Sales,Domestic,Delhi,Chennai,2026-03-10,2026-03-13,4,Collection follow-up and client visit,Tata Motors,8160,30000,10000,6000,1000,55160,55160,0,Akasa Air,QP 875,2DF988,Premium Economy,8589,JW Marriott Chennai,5 Star,3,7322,21966,11358,11358,11358,JV/TR/030,NEFT,UTR381441,2026-03-18,5,PAID,2026-03-05T14:55:29.402Z
TR-2026-0031,BH002,Vikram Singh,Business Head,Sales,Domestic,Mumbai,Goa,2026-08-19,2026-08-20,2,Product demo for enterprise prospect,Mahindra,4662,10000,5000,3000,1000,23662,23662,0,IndiGo,6E 835,7AD9E6,Premium Economy,4907,JW Marriott Goa,5 Star,1,8177,8177,6105,6105,6105,JV/TR/031,NEFT,UTR818766,2026-08-26,19,PAID,2026-07-31T14:55:29.402Z
TR-2026-0032,SE001,Rahul Verma,Sales Executive,Sales,Domestic,Chennai,Kochi,2026-04-20,2026-04-21,2,Product demo for enterprise prospect,Tata Motors,5244,4000,2000,1600,1000,13844,13844,0,SpiceJet,SG 139,DC192E,Economy,5520,Ginger Hotel Kochi,3 Star,1,3549,3549,3447,3447,3447,JV/TR/032,NEFT,UTR278674,2026-04-26,27,PAID,2026-03-24T14:55:29.402Z
TR-2026-0033,SE003,Imran Khan,Sales Executive,Sales,Domestic,Delhi,Jaipur,2026-01-04,2026-01-07,4,Collection follow-up and client visit,Asian Paints,4255,12000,4000,3200,1000,24455,24455,0,Air India Express,IX 656,682B32,Economy,4479,Ginger Hotel Jaipur,3 Star,3,3692,11076,7457,7457,7457,JV/TR/033,NEFT,UTR185163,2026-01-14,36,PAID,2025-11-29T14:55:29.402Z
TR-2026-0034,SM001,Arjun Kapoor,Sales Manager,Sales,Domestic,Delhi,Chennai,2026-05-30,2026-05-31,2,Tender pre-bid meeting,Reliance Retail,4806,6000,3000,2000,1000,16806,16806,0,Air India Express,IX 464,4172E4,Economy,5059,Holiday Inn Chennai,4 Star,1,5673,5673,7839,7839,7839,JV/TR/034,NEFT,UTR533121,2026-06-08,20,PAID,2026-05-10T14:55:29.402Z
TR-2026-0035,SM002,Deepa Menon,Sales Manager,Sales,Domestic,Delhi,Chennai,2026-09-16,2026-09-18,3,Annual contract negotiation,Tata Motors,8978,12000,4500,3000,1000,29478,29478,5000,Air India,AI 831,56AA1F,Economy,9451,Holiday Inn Chennai,4 Star,2,4721,9442,5718,5718,,,,,,3,CLAIM_PENDING_BH,2026-09-13T14:55:29.402Z
TR-2026-0036,SE001,Rahul Verma,Sales Executive,Sales,Domestic,Mumbai,Bengaluru,2026-01-21,2026-01-23,3,Annual contract negotiation,,5022,8000,3000,2400,1000,19422,19422,5000,Air India Express,IX 109,32884D,Economy,5286,Treebo Trend Bengaluru,3 Star,2,4035,8070,6455,6455,1455,JV/TR/036,NEFT,UTR722474,2026-01-29,18,PAID,2026-01-03T14:55:29.402Z
TR-2026-0037,SE002,Sneha Joshi,Sales Executive,Sales,Domestic,Delhi,Chennai,2026-10-09,2026-10-12,4,Tender pre-bid meeting,Wipro,10144,12000,4000,3200,1000,30344,30344,0,SpiceJet,SG 934,61C948,Economy,10678,Treebo Trend Chennai,3 Star,3,3387,10161,,,,,,,,1,BOOKED,2026-10-08T14:55:29.402Z
TR-2026-0038,SE003,Imran Khan,Sales Executive,Sales,Domestic,Chennai,Kochi,2026-10-13,2026-10-15,3,Quarterly business review with key account,Asian Paints,10653,8000,3000,2400,1000,25053,25053,5000,IndiGo,6E 306,A59758,Economy,11214,Ginger Hotel Kochi,3 Star,2,3225,6450,,,,,,,,1,BOOKED,2026-10-12T14:55:29.402Z
TR-2026-0039,SE004,Pooja Reddy,Sales Executive,Sales,International,Delhi,Singapore,2026-11-06,2026-11-08,3,Quarterly business review with key account,Mahindra,28969,8000,3000,2400,1000,43369,43369,0,Air India Express,IX 165,2F1D26,Economy,30494,Ginger Hotel Singapore,3 Star,2,3302,6604,,,,,,,,44,BOOKED,2026-09-23T14:55:29.402Z
TR-2026-0040,OM001,Manoj Pillai,Operations Manager,Operations,Domestic,Chennai,Kochi,2026-10-27,2026-10-29,3,Annual contract negotiation,Asian Paints,4580,13000,5400,3000,1000,26980,26980,0,,,,,,,,,,,,,,,,,,20,PENDING_BOOKING,2026-10-07T14:55:29.402Z
TR-2026-0041,BH001,Priya Nair,Business Head,Sales,Domestic,Bengaluru,Delhi,2026-10-12,2026-10-13,2,Collection follow-up and client visit,Tata Motors,6375,10000,5000,3000,1000,25375,25375,5000,SpiceJet,SG 690,11ECA6,Premium Economy,6710,Taj Hotel Delhi,5 Star,1,8868,8868,,,,,,,,8,BOOKED,2026-10-04T14:55:29.402Z
TR-2026-0042,BH002,Vikram Singh,Business Head,Sales,International,Delhi,Singapore,2026-10-28,2026-10-29,2,Regional sales team meeting,Infosys,37775,10000,5000,3000,1000,56775,56775,0,,,,,,,,,,,,,,,,,,15,PENDING_BOOKING,2026-10-13T14:55:29.402Z
TR-2026-0043,SE001,Rahul Verma,Sales Executive,Sales,Domestic,Delhi,Chennai,2026-11-05,2026-11-06,2,Regional sales team meeting,,9374,4000,2000,1600,1000,17974,17974,0,,,,,,,,,,,,,,,,,,3,PENDING_BH,2026-11-02T14:55:29.402Z
TR-2026-0044,SE003,Imran Khan,Sales Executive,Sales,Domestic,Mumbai,Bengaluru,2026-10-29,2026-11-01,4,Regional sales team meeting,Mahindra,4123,12000,4000,3200,1000,24323,24323,0,,,,,,,,,,,,,,,,,,42,PENDING_BOOKING,2026-09-17T14:55:29.402Z
TR-2026-0045,SM001,Arjun Kapoor,Sales Manager,Sales,International,Delhi,Singapore,2026-10-03,2026-10-05,3,Annual contract negotiation,,66927,12000,4500,3000,1000,87427,87427,0,Air India Express,IX 343,5206B7,Economy,70449,Novotel Singapore,4 Star,2,5213,10426,,,,,,,,3,BOOKED,2026-09-30T14:55:29.402Z
TR-2026-0046,SM002,Deepa Menon,Sales Manager,Sales,Domestic,Pune,Hyderabad,2026-10-12,2026-10-15,4,Quarterly business review with key account,Asian Paints,5045,18000,6000,4000,1000,34045,34045,0,,,,,,,,,,,,,,,,,,41,PENDING_BOOKING,2026-09-01T14:55:29.402Z